product,review,sentiment
"Skybags Streax | Cabin Trolley Bag, 55 Cm, Small Hardside Luggage | 8 Wheels, Combination Lock | Polypropylene | Suitcase for Travel | 5 Year International Warranty | Coral",Nothing special but decent,positive
"Skybags Streax | Cabin Trolley Bag, 55 Cm, Small Hardside Luggage | 8 Wheels, Combination Lock | Polypropylene | Suitcase for Travel | 5 Year International Warranty | Coral",Okay for occasional use,positive
"Skybags Streax | Cabin Trolley Bag, 55 Cm, Small Hardside Luggage | 8 Wheels, Combination Lock | Polypropylene | Suitcase for Travel | 5 Year International Warranty | Coral",Meets expectations,neutral
"Skybags Streax | Cabin Trolley Bag, 55 Cm, Small Hardside Luggage | 8 Wheels, Combination Lock | Polypropylene | Suitcase for Travel | 5 Year International Warranty | Coral",Okay for occasional use,positive
"Skybags Streax | Cabin Trolley Bag, 55 Cm, Small Hardside Luggage | 8 Wheels, Combination Lock | Polypropylene | Suitcase for Travel | 5 Year International Warranty | Coral",Wheels broke after few uses,negative
"Skybags Streax | Cabin Trolley Bag, 55 Cm, Small Hardside Luggage | 8 Wheels, Combination Lock | Polypropylene | Suitcase for Travel | 5 Year International Warranty | Coral",Not satisfied with the build quality,negative
"Skybags Streax | Check-in Trolley Bag, 76 Cm, Large Hardside Luggage | 8 Wheels Spinner, Combination Lock | Polypropylene | Suitcase for Travel | 5 Year International Warranty | Coral","Perfect for travel, loved it",positive
"Skybags Streax | Check-in Trolley Bag, 76 Cm, Large Hardside Luggage | 8 Wheels Spinner, Combination Lock | Polypropylene | Suitcase for Travel | 5 Year International Warranty | Coral",Not satisfied with the build quality,negative
"Skybags Streax | Check-in Trolley Bag, 76 Cm, Large Hardside Luggage | 8 Wheels Spinner, Combination Lock | Polypropylene | Suitcase for Travel | 5 Year International Warranty | Coral","Worth the price, highly recommended",positive
"Skybags Streax | Check-in Trolley Bag, 76 Cm, Large Hardside Luggage | 8 Wheels Spinner, Combination Lock | Polypropylene | Suitcase for Travel | 5 Year International Warranty | Coral",Okay for occasional use,positive
"Skybags Streax | Check-in Trolley Bag, 76 Cm, Large Hardside Luggage | 8 Wheels Spinner, Combination Lock | Polypropylene | Suitcase for Travel | 5 Year International Warranty | Coral",Wheels broke after few uses,negative
"Skybags Streax | Check-in Trolley Bag, 76 Cm, Large Hardside Luggage | 8 Wheels Spinner, Combination Lock | Polypropylene | Suitcase for Travel | 5 Year International Warranty | Coral",Smooth wheels and stylish design,positive
"Skybags Streax | Check-in Trolley Bag, 76 Cm, Large Hardside Luggage | 8 Wheels Spinner, Combination Lock | Polypropylene | Suitcase for Travel | 5 Year International Warranty | Black",Too expensive for the quality,negative
"Skybags Streax | Check-in Trolley Bag, 76 Cm, Large Hardside Luggage | 8 Wheels Spinner, Combination Lock | Polypropylene | Suitcase for Travel | 5 Year International Warranty | Black","Worth the price, highly recommended",positive
"Skybags Streax | Check-in Trolley Bag, 76 Cm, Large Hardside Luggage | 8 Wheels Spinner, Combination Lock | Polypropylene | Suitcase for Travel | 5 Year International Warranty | Black",Very spacious and sturdy,positive
"Skybags Streax | Check-in Trolley Bag, 76 Cm, Large Hardside Luggage | 8 Wheels Spinner, Combination Lock | Polypropylene | Suitcase for Travel | 5 Year International Warranty | Black",Wheels broke after few uses,negative
"Skybags Streax | Check-in Trolley Bag, 76 Cm, Large Hardside Luggage | 8 Wheels Spinner, Combination Lock | Polypropylene | Suitcase for Travel | 5 Year International Warranty | Black",Fine for short trips,positive
"Skybags Streax | Check-in Trolley Bag, 76 Cm, Large Hardside Luggage | 8 Wheels Spinner, Combination Lock | Polypropylene | Suitcase for Travel | 5 Year International Warranty | Black",Not satisfied with the build quality,negative
American Tourister Liftoff+ | Large Size Check-in Trolley Bag (79 cm) for Travel | 360° 8 Wheel Travel Luggage | Hard Case Polypropylene (PP) Suitcase | Mounted TSA Lock | Seafoam Blue,Excellent quality and very durable,positive
American Tourister Liftoff+ | Large Size Check-in Trolley Bag (79 cm) for Travel | 360° 8 Wheel Travel Luggage | Hard Case Polypropylene (PP) Suitcase | Mounted TSA Lock | Seafoam Blue,Fine for short trips,positive
American Tourister Liftoff+ | Large Size Check-in Trolley Bag (79 cm) for Travel | 360° 8 Wheel Travel Luggage | Hard Case Polypropylene (PP) Suitcase | Mounted TSA Lock | Seafoam Blue,Okay for occasional use,positive
American Tourister Liftoff+ | Large Size Check-in Trolley Bag (79 cm) for Travel | 360° 8 Wheel Travel Luggage | Hard Case Polypropylene (PP) Suitcase | Mounted TSA Lock | Seafoam Blue,Wheels broke after few uses,negative
American Tourister Liftoff+ | Large Size Check-in Trolley Bag (79 cm) for Travel | 360° 8 Wheel Travel Luggage | Hard Case Polypropylene (PP) Suitcase | Mounted TSA Lock | Seafoam Blue,"Perfect for travel, loved it",positive
American Tourister Liftoff+ | Large Size Check-in Trolley Bag (79 cm) for Travel | 360° 8 Wheel Travel Luggage | Hard Case Polypropylene (PP) Suitcase | Mounted TSA Lock | Seafoam Blue,"Worth the price, highly recommended",positive
"American Tourister Medium Trolley Bag for Travel | Upland Spinner 68 Cms Polypropylene Hardsided Check-in Luggage Bag | Suitcase for Travel | Trolley Bag for Travelling, Black",Very spacious and sturdy,positive
"American Tourister Medium Trolley Bag for Travel | Upland Spinner 68 Cms Polypropylene Hardsided Check-in Luggage Bag | Suitcase for Travel | Trolley Bag for Travelling, Black","Perfect for travel, loved it",positive
"American Tourister Medium Trolley Bag for Travel | Upland Spinner 68 Cms Polypropylene Hardsided Check-in Luggage Bag | Suitcase for Travel | Trolley Bag for Travelling, Black",Fine for short trips,positive
"American Tourister Medium Trolley Bag for Travel | Upland Spinner 68 Cms Polypropylene Hardsided Check-in Luggage Bag | Suitcase for Travel | Trolley Bag for Travelling, Black",Fine for short trips,positive
Aristocrat Atlas Check-in Trolley Bag 66cm | Medium | Hard Luggage | Smooth 8-Wheel Suitcase | Secure Combination Lock with Sturdy Zipper | Full Fabric Convipack | 3-Year Warranty (Pearl White),Not satisfied with the build quality,negative
Aristocrat Atlas Check-in Trolley Bag 66cm | Medium | Hard Luggage | Smooth 8-Wheel Suitcase | Secure Combination Lock with Sturdy Zipper | Full Fabric Convipack | 3-Year Warranty (Pearl White),Okay for occasional use,positive
Aristocrat Atlas Check-in Trolley Bag 66cm | Medium | Hard Luggage | Smooth 8-Wheel Suitcase | Secure Combination Lock with Sturdy Zipper | Full Fabric Convipack | 3-Year Warranty (Pearl White),"Worth the price, highly recommended",positive
Aristocrat Atlas Check-in Trolley Bag 66cm | Medium | Hard Luggage | Smooth 8-Wheel Suitcase | Secure Combination Lock with Sturdy Zipper | Full Fabric Convipack | 3-Year Warranty (Pearl White),Very spacious and sturdy,positive
Aristocrat Atlas Check-in Trolley Bag 66cm | Medium | Hard Luggage | Smooth 8-Wheel Suitcase | Secure Combination Lock with Sturdy Zipper | Full Fabric Convipack | 3-Year Warranty (Pearl White),Color faded quickly,positive
"FUR JADEN The Voyager 65cm German Polycarbonate Travel Luggage Check-in ZIPLESS Suitcase with 8 StealthTech Silent Wheels, Double TSA Locks & Aerospace Grade Wide Trolley (Stark Black, Medium 24"")",Smooth wheels and stylish design,positive
"FUR JADEN The Voyager 65cm German Polycarbonate Travel Luggage Check-in ZIPLESS Suitcase with 8 StealthTech Silent Wheels, Double TSA Locks & Aerospace Grade Wide Trolley (Stark Black, Medium 24"")",Meets expectations,neutral
"FUR JADEN The Voyager 65cm German Polycarbonate Travel Luggage Check-in ZIPLESS Suitcase with 8 StealthTech Silent Wheels, Double TSA Locks & Aerospace Grade Wide Trolley (Stark Black, Medium 24"")",Nothing special but decent,positive
"FUR JADEN The Voyager 65cm German Polycarbonate Travel Luggage Check-in ZIPLESS Suitcase with 8 StealthTech Silent Wheels, Double TSA Locks & Aerospace Grade Wide Trolley (Stark Black, Medium 24"")",Nothing special but decent,positive
American Tourister Liftoff+ | Large Size Check-in Trolley Bag (79 cm) for Travel | 360° 8 Wheel Travel Luggage | Hard Case Polypropylene (PP) Suitcase | Mounted TSA Lock | Berry Blast,"Average product, does the job",negative
American Tourister Liftoff+ | Large Size Check-in Trolley Bag (79 cm) for Travel | 360° 8 Wheel Travel Luggage | Hard Case Polypropylene (PP) Suitcase | Mounted TSA Lock | Berry Blast,Very spacious and sturdy,positive
American Tourister Liftoff+ | Large Size Check-in Trolley Bag (79 cm) for Travel | 360° 8 Wheel Travel Luggage | Hard Case Polypropylene (PP) Suitcase | Mounted TSA Lock | Berry Blast,Wheels broke after few uses,negative
"American Tourister Polyester Harp Duffle Bag 62 Cm Grey, 62 x 32 x 29 Centimeters","Perfect for travel, loved it",positive
"American Tourister Polyester Harp Duffle Bag 62 Cm Grey, 62 x 32 x 29 Centimeters",Meets expectations,neutral
"American Tourister Polyester Harp Duffle Bag 62 Cm Grey, 62 x 32 x 29 Centimeters",Meets expectations,neutral
Kamiliant American Tourister Harrier | Trolley Bag Check-in Large Size (79 cms) for Travel| Hard Case Polypropylene (PP) Suitcase | 360° 4-Wheel Luggage Trolley | Combination Lock | Slate Grey,Color faded quickly,positive
Kamiliant American Tourister Harrier | Trolley Bag Check-in Large Size (79 cms) for Travel| Hard Case Polypropylene (PP) Suitcase | 360° 4-Wheel Luggage Trolley | Combination Lock | Slate Grey,Nothing special but decent,positive
Kamiliant American Tourister Harrier | Trolley Bag Check-in Large Size (79 cms) for Travel| Hard Case Polypropylene (PP) Suitcase | 360° 4-Wheel Luggage Trolley | Combination Lock | Slate Grey,Meets expectations,neutral
Kamiliant American Tourister Harrier | Trolley Bag Check-in Large Size (79 cms) for Travel| Hard Case Polypropylene (PP) Suitcase | 360° 4-Wheel Luggage Trolley | Combination Lock | Slate Grey,Handle feels weak,negative
American Tourister Robotech | Large Size Check-in Trolley Bag (77 cm) | 360° 8 Wheel Travel Luggage | Hard Case Polycarbonate (PC) Suitcase | Recessed TSA Lock | Cadet Blue,Smooth wheels and stylish design,positive
American Tourister Robotech | Large Size Check-in Trolley Bag (77 cm) | 360° 8 Wheel Travel Luggage | Hard Case Polycarbonate (PC) Suitcase | Recessed TSA Lock | Cadet Blue,Wheels broke after few uses,negative
American Tourister Robotech | Large Size Check-in Trolley Bag (77 cm) | 360° 8 Wheel Travel Luggage | Hard Case Polycarbonate (PC) Suitcase | Recessed TSA Lock | Cadet Blue,Meets expectations,neutral
uppercase Polycarbonate JFK (Large) 76cm | Hardsided Check-in Trolley Bag for Travel Spinner Luggage | 8 Wheel Trolley Bag |Suitcase for Unisex |2000 Days Warranty (Teal Blue),"Perfect for travel, loved it",positive
uppercase Polycarbonate JFK (Large) 76cm | Hardsided Check-in Trolley Bag for Travel Spinner Luggage | 8 Wheel Trolley Bag |Suitcase for Unisex |2000 Days Warranty (Teal Blue),Too expensive for the quality,negative
uppercase Polycarbonate JFK (Large) 76cm | Hardsided Check-in Trolley Bag for Travel Spinner Luggage | 8 Wheel Trolley Bag |Suitcase for Unisex |2000 Days Warranty (Teal Blue),Color faded quickly,positive
"Skybags Streax | Cabin Trolley Bag, 55 Cm, Small Hardside Luggage | 8 Wheels, Combination Lock | Polypropylene | Suitcase for Travel | 5 Year International Warranty | Coral",Excellent quality and very durable,positive
"Skybags Streax | Cabin Trolley Bag, 55 Cm, Small Hardside Luggage | 8 Wheels, Combination Lock | Polypropylene | Suitcase for Travel | 5 Year International Warranty | Coral",Too expensive for the quality,negative
"Skybags Streax | Cabin Trolley Bag, 55 Cm, Small Hardside Luggage | 8 Wheels, Combination Lock | Polypropylene | Suitcase for Travel | 5 Year International Warranty | Coral",Not satisfied with the build quality,negative
"Skybags Streax | Cabin Trolley Bag, 55 Cm, Small Hardside Luggage | 8 Wheels, Combination Lock | Polypropylene | Suitcase for Travel | 5 Year International Warranty | Coral","Worth the price, highly recommended",positive
"Skybags Streax | Cabin Trolley Bag, 55 Cm, Small Hardside Luggage | 8 Wheels, Combination Lock | Polypropylene | Suitcase for Travel | 5 Year International Warranty | Coral",Meets expectations,neutral
"Skybags Streax | Check-in Trolley Bag, 76 Cm, Large Hardside Luggage | 8 Wheels Spinner, Combination Lock | Polypropylene | Suitcase for Travel | 5 Year International Warranty | Coral",Smooth wheels and stylish design,positive
"Skybags Streax | Check-in Trolley Bag, 76 Cm, Large Hardside Luggage | 8 Wheels Spinner, Combination Lock | Polypropylene | Suitcase for Travel | 5 Year International Warranty | Coral",Smooth wheels and stylish design,positive
"Skybags Streax | Check-in Trolley Bag, 76 Cm, Large Hardside Luggage | 8 Wheels Spinner, Combination Lock | Polypropylene | Suitcase for Travel | 5 Year International Warranty | Coral",Color faded quickly,positive
"Skybags Streax | Check-in Trolley Bag, 76 Cm, Large Hardside Luggage | 8 Wheels Spinner, Combination Lock | Polypropylene | Suitcase for Travel | 5 Year International Warranty | Coral",Too expensive for the quality,negative
"Skybags Streax | Check-in Trolley Bag, 76 Cm, Large Hardside Luggage | 8 Wheels Spinner, Combination Lock | Polypropylene | Suitcase for Travel | 5 Year International Warranty | Black",Too expensive for the quality,negative
"Skybags Streax | Check-in Trolley Bag, 76 Cm, Large Hardside Luggage | 8 Wheels Spinner, Combination Lock | Polypropylene | Suitcase for Travel | 5 Year International Warranty | Black",Color faded quickly,positive
"Skybags Streax | Check-in Trolley Bag, 76 Cm, Large Hardside Luggage | 8 Wheels Spinner, Combination Lock | Polypropylene | Suitcase for Travel | 5 Year International Warranty | Black","Perfect for travel, loved it",positive
"Skybags Streax | Check-in Trolley Bag, 76 Cm, Large Hardside Luggage | 8 Wheels Spinner, Combination Lock | Polypropylene | Suitcase for Travel | 5 Year International Warranty | Black",Excellent quality and very durable,positive
Aristocrat Polycarbonate Spinner Comet Cabin Trolley Bag 56cm|Small|Hard Luggage| Smooth 8-Wheel Suitcase|Combination Lock with Sturdy Zipper|Full Fabric Convipack|3-Year International Warranty (Grey),Too expensive for the quality,negative
Aristocrat Polycarbonate Spinner Comet Cabin Trolley Bag 56cm|Small|Hard Luggage| Smooth 8-Wheel Suitcase|Combination Lock with Sturdy Zipper|Full Fabric Convipack|3-Year International Warranty (Grey),Meets expectations,neutral
Aristocrat Polycarbonate Spinner Comet Cabin Trolley Bag 56cm|Small|Hard Luggage| Smooth 8-Wheel Suitcase|Combination Lock with Sturdy Zipper|Full Fabric Convipack|3-Year International Warranty (Grey),"Average product, does the job",negative
Aristocrat Atlas Check-in Trolley Bag 66cm | Medium | Hard Luggage | Smooth 8-Wheel Suitcase | Secure Combination Lock with Sturdy Zipper | Full Fabric Convipack | 3-Year Warranty (Teal Blue),"Worth the price, highly recommended",positive
Aristocrat Atlas Check-in Trolley Bag 66cm | Medium | Hard Luggage | Smooth 8-Wheel Suitcase | Secure Combination Lock with Sturdy Zipper | Full Fabric Convipack | 3-Year Warranty (Teal Blue),"Average product, does the job",negative
Aristocrat Atlas Check-in Trolley Bag 66cm | Medium | Hard Luggage | Smooth 8-Wheel Suitcase | Secure Combination Lock with Sturdy Zipper | Full Fabric Convipack | 3-Year Warranty (Teal Blue),Color faded quickly,positive
Aristocrat Atlas Check-in Trolley Bag 66cm | Medium | Hard Luggage | Smooth 8-Wheel Suitcase | Secure Combination Lock with Sturdy Zipper | Full Fabric Convipack | 3-Year Warranty (Teal Blue),Wheels broke after few uses,negative
Aristocrat Atlas Check-in Trolley Bag 66cm | Medium | Hard Luggage | Smooth 8-Wheel Suitcase | Secure Combination Lock with Sturdy Zipper | Full Fabric Convipack | 3-Year Warranty (Teal Blue),"Average product, does the job",negative
Aristocrat Atlas Check-in Trolley Bag 66cm | Medium | Hard Luggage | Smooth 8-Wheel Suitcase | Secure Combination Lock with Sturdy Zipper | Full Fabric Convipack | 3-Year Warranty (Teal Blue),Not satisfied with the build quality,negative
"Aristocrat Liberty Set of 2 (Cabin+Medium) Trolley Bag, 58+68Cm | Combination Lock | 8 Wheels | 3 Years International Warranty | Spanish Blue",Wheels broke after few uses,negative
"Aristocrat Liberty Set of 2 (Cabin+Medium) Trolley Bag, 58+68Cm | Combination Lock | 8 Wheels | 3 Years International Warranty | Spanish Blue",Very spacious and sturdy,positive
"Aristocrat Liberty Set of 2 (Cabin+Medium) Trolley Bag, 58+68Cm | Combination Lock | 8 Wheels | 3 Years International Warranty | Spanish Blue",Not satisfied with the build quality,negative
"Aristocrat Liberty Set of 2 (Cabin+Medium) Trolley Bag, 58+68Cm | Combination Lock | 8 Wheels | 3 Years International Warranty | Spanish Blue",Wheels broke after few uses,negative
"Aristocrat Liberty Set of 2 (Cabin+Medium) Trolley Bag, 58+68Cm | Combination Lock | 8 Wheels | 3 Years International Warranty | Spanish Blue",Handle feels weak,negative
"Aristocrat Liberty Set of 2 (Cabin+Medium) Trolley Bag, 58+68Cm | Combination Lock | 8 Wheels | 3 Years International Warranty | Spanish Blue",Very spacious and sturdy,positive
American Tourister Liftoff+ | Medium Size Check-in Trolley Bag (67 cm) for Travel | 360° 8 Wheel Travel Luggage | Hard Case Polypropylene (PP) Suitcase | Mounted TSA Lock | Spa Blue,"Perfect for travel, loved it",positive
American Tourister Liftoff+ | Medium Size Check-in Trolley Bag (67 cm) for Travel | 360° 8 Wheel Travel Luggage | Hard Case Polypropylene (PP) Suitcase | Mounted TSA Lock | Spa Blue,"Average product, does the job",negative
American Tourister Liftoff+ | Medium Size Check-in Trolley Bag (67 cm) for Travel | 360° 8 Wheel Travel Luggage | Hard Case Polypropylene (PP) Suitcase | Mounted TSA Lock | Spa Blue,Meets expectations,neutral
American Tourister Liftoff+ | Medium Size Check-in Trolley Bag (67 cm) for Travel | 360° 8 Wheel Travel Luggage | Hard Case Polypropylene (PP) Suitcase | Mounted TSA Lock | Spa Blue,"Worth the price, highly recommended",positive
"Aristocrat Liberty Set of 3 (Cabin+Medium+Large) Trolley Bag, 58+68+78Cm | Combination Lock | 8 Wheels | 3 Years International Warranty | New Saddle Brown",Handle feels weak,negative
"Aristocrat Liberty Set of 3 (Cabin+Medium+Large) Trolley Bag, 58+68+78Cm | Combination Lock | 8 Wheels | 3 Years International Warranty | New Saddle Brown",Fine for short trips,positive
"Aristocrat Liberty Set of 3 (Cabin+Medium+Large) Trolley Bag, 58+68+78Cm | Combination Lock | 8 Wheels | 3 Years International Warranty | New Saddle Brown",Not satisfied with the build quality,negative
"Aristocrat Liberty Set of 3 (Cabin+Medium+Large) Trolley Bag, 58+68+78Cm | Combination Lock | 8 Wheels | 3 Years International Warranty | New Saddle Brown",Too expensive for the quality,negative
"Aristocrat Comet Set of 2 Trolley Bag 56, 66cm | Small+Medium | Hard Luggage| Smooth 8-Wheel Suitcase| Combination Lock With Sturdy Zipper| Full Fabric Convipack | 3-year International Warranty (Grey)","Perfect for travel, loved it",positive
"Aristocrat Comet Set of 2 Trolley Bag 56, 66cm | Small+Medium | Hard Luggage| Smooth 8-Wheel Suitcase| Combination Lock With Sturdy Zipper| Full Fabric Convipack | 3-year International Warranty (Grey)",Very spacious and sturdy,positive
"Aristocrat Comet Set of 2 Trolley Bag 56, 66cm | Small+Medium | Hard Luggage| Smooth 8-Wheel Suitcase| Combination Lock With Sturdy Zipper| Full Fabric Convipack | 3-year International Warranty (Grey)",Nothing special but decent,positive
"Aristocrat Comet Set of 2 Trolley Bag 56, 66cm | Small+Medium | Hard Luggage| Smooth 8-Wheel Suitcase| Combination Lock With Sturdy Zipper| Full Fabric Convipack | 3-year International Warranty (Grey)",Nothing special but decent,positive
"Aristocrat Comet Set of 2 Trolley Bag 56, 66cm | Small+Medium | Hard Luggage| Smooth 8-Wheel Suitcase| Combination Lock With Sturdy Zipper| Full Fabric Convipack | 3-year International Warranty (Grey)",Nothing special but decent,positive
"Aristocrat Cabin Polypropylene Airpro 55 Cm(Small) 8 Spinner Wheels Trolley Bags for Travel Hard Case Luggage, Lightweight Bag with Combination Lock & Robust Trolley with 3 Years Warranty (Blue)","Perfect for travel, loved it",positive
"Aristocrat Cabin Polypropylene Airpro 55 Cm(Small) 8 Spinner Wheels Trolley Bags for Travel Hard Case Luggage, Lightweight Bag with Combination Lock & Robust Trolley with 3 Years Warranty (Blue)","Worth the price, highly recommended",positive
"Aristocrat Cabin Polypropylene Airpro 55 Cm(Small) 8 Spinner Wheels Trolley Bags for Travel Hard Case Luggage, Lightweight Bag with Combination Lock & Robust Trolley with 3 Years Warranty (Blue)",Wheels broke after few uses,negative
"Aristocrat Cabin Polypropylene Airpro 55 Cm(Small) 8 Spinner Wheels Trolley Bags for Travel Hard Case Luggage, Lightweight Bag with Combination Lock & Robust Trolley with 3 Years Warranty (Blue)","Perfect for travel, loved it",positive
"Aristocrat Cabin Polypropylene Airpro 55 Cm(Small) 8 Spinner Wheels Trolley Bags for Travel Hard Case Luggage, Lightweight Bag with Combination Lock & Robust Trolley with 3 Years Warranty (Blue)",Color faded quickly,positive
"Aristocrat Cabin Polypropylene Airpro 55 Cm(Small) 8 Spinner Wheels Trolley Bags for Travel Hard Case Luggage, Lightweight Bag with Combination Lock & Robust Trolley with 3 Years Warranty (Blue)",Too expensive for the quality,negative
"Aristocrat Liberty Medium (Check-in) Trolley Bag, 68Cm | Combination Lock | 8 Wheels | 3 Years International Warranty | Jet Black, Polypropylene (PP), Hard, Spinner Wheel",Very spacious and sturdy,positive
"Aristocrat Liberty Medium (Check-in) Trolley Bag, 68Cm | Combination Lock | 8 Wheels | 3 Years International Warranty | Jet Black, Polypropylene (PP), Hard, Spinner Wheel",Excellent quality and very durable,positive
"Aristocrat Liberty Medium (Check-in) Trolley Bag, 68Cm | Combination Lock | 8 Wheels | 3 Years International Warranty | Jet Black, Polypropylene (PP), Hard, Spinner Wheel",Nothing special but decent,positive
"Aristocrat Liberty Medium (Check-in) Trolley Bag, 68Cm | Combination Lock | 8 Wheels | 3 Years International Warranty | Jet Black, Polypropylene (PP), Hard, Spinner Wheel","Average product, does the job",negative
"Aristocrat Liberty Medium (Check-in) Trolley Bag, 68Cm | Combination Lock | 8 Wheels | 3 Years International Warranty | Jet Black, Polypropylene (PP), Hard, Spinner Wheel",Fine for short trips,positive
"Aristocrat Liberty Medium (Check-in) Trolley Bag, 68Cm | Combination Lock | 8 Wheels | 3 Years International Warranty | Jet Black, Polypropylene (PP), Hard, Spinner Wheel",Handle feels weak,negative
"Aristocrat Liberty Cabin (Carry-On) Trolley Bag, 58Cm | Combination Lock | 8 Wheels | 3 Years International Warranty | Spanish Blue, Polypropylene (PP), Hard, Spinner Wheel",Color faded quickly,positive
"Aristocrat Liberty Cabin (Carry-On) Trolley Bag, 58Cm | Combination Lock | 8 Wheels | 3 Years International Warranty | Spanish Blue, Polypropylene (PP), Hard, Spinner Wheel",Okay for occasional use,positive
"Aristocrat Liberty Cabin (Carry-On) Trolley Bag, 58Cm | Combination Lock | 8 Wheels | 3 Years International Warranty | Spanish Blue, Polypropylene (PP), Hard, Spinner Wheel",Wheels broke after few uses,negative
Nasher Miles The Line Hard-Sided Polypropylene Check-in Luggage 28 inch | 75cm | 8 Wheels Large Trolley Bag for Travel | Suitcase (Black),Very spacious and sturdy,positive
Nasher Miles The Line Hard-Sided Polypropylene Check-in Luggage 28 inch | 75cm | 8 Wheels Large Trolley Bag for Travel | Suitcase (Black),Too expensive for the quality,negative
Nasher Miles The Line Hard-Sided Polypropylene Check-in Luggage 28 inch | 75cm | 8 Wheels Large Trolley Bag for Travel | Suitcase (Black),Okay for occasional use,positive
Nasher Miles The Line Hard-Sided Polypropylene Check-in Luggage 28 inch | 75cm | 8 Wheels Large Trolley Bag for Travel | Suitcase (Black),Color faded quickly,positive
Nasher Miles The Line Hard-Sided Polypropylene Check-in Luggage 28 inch | 75cm | 8 Wheels Large Trolley Bag for Travel | Suitcase (Black),"Worth the price, highly recommended",positive
Nasher Miles The Line Hard-Sided Polypropylene Luggage Set of 2 | 55cm & 65cm | 8 Wheels Small & Medium Trolley Bag for Travel | Suitcase (White),Excellent quality and very durable,positive
Nasher Miles The Line Hard-Sided Polypropylene Luggage Set of 2 | 55cm & 65cm | 8 Wheels Small & Medium Trolley Bag for Travel | Suitcase (White),Very spacious and sturdy,positive
Nasher Miles The Line Hard-Sided Polypropylene Luggage Set of 2 | 55cm & 65cm | 8 Wheels Small & Medium Trolley Bag for Travel | Suitcase (White),"Average product, does the job",negative
Nasher Miles The Line Hard-Sided Polypropylene Luggage Set of 2 | 55cm & 65cm | 8 Wheels Small & Medium Trolley Bag for Travel | Suitcase (White),Handle feels weak,negative
Nasher Miles The Line Hard-Sided Polypropylene Luggage Set of 2 | 55cm & 65cm | 8 Wheels Small & Medium Trolley Bag for Travel | Suitcase (White),"Perfect for travel, loved it",positive
Nasher Miles The Line Hard-Sided Polypropylene Cabin Luggage 20 inch | 55cm | 8 Wheels Small Trolley Bag for Travel | Suitcase (Pink),Color faded quickly,positive
Nasher Miles The Line Hard-Sided Polypropylene Cabin Luggage 20 inch | 55cm | 8 Wheels Small Trolley Bag for Travel | Suitcase (Pink),Nothing special but decent,positive
Nasher Miles The Line Hard-Sided Polypropylene Cabin Luggage 20 inch | 55cm | 8 Wheels Small Trolley Bag for Travel | Suitcase (Pink),Not satisfied with the build quality,negative
Nasher Miles The Line Hard-Sided Polypropylene Cabin Luggage 20 inch | 55cm | 8 Wheels Small Trolley Bag for Travel | Suitcase (Pink),Okay for occasional use,positive
Nasher Miles The Line Hard-Sided Polypropylene Cabin Luggage 20 inch | 55cm | 8 Wheels Small Trolley Bag for Travel | Suitcase (Pink),"Perfect for travel, loved it",positive
Nasher Miles The Line Hard-Sided Polypropylene Cabin Luggage 20 inch | 55cm | 8 Wheels Small Trolley Bag for Travel | Suitcase (Pink),Too expensive for the quality,negative
"Nasher Miles Paris Hardshell-Sided Polypropylene Check-in Luggage Avacado Green 24 Inch |65Cm 8 Wheel Inline Trolley Bag, Medium",Not satisfied with the build quality,negative
"Nasher Miles Paris Hardshell-Sided Polypropylene Check-in Luggage Avacado Green 24 Inch |65Cm 8 Wheel Inline Trolley Bag, Medium",Excellent quality and very durable,positive
"Nasher Miles Paris Hardshell-Sided Polypropylene Check-in Luggage Avacado Green 24 Inch |65Cm 8 Wheel Inline Trolley Bag, Medium",Wheels broke after few uses,negative
"Nasher Miles Paris Hardshell-Sided Polypropylene Check-in Luggage Avacado Green 24 Inch |65Cm 8 Wheel Inline Trolley Bag, Medium",Very spacious and sturdy,positive
American Tourister Liftoff+ | Medium Size Check-in Trolley Bag (67 cm) for Travel | 360° 8 Wheel Travel Luggage | Hard Case Polypropylene (PP) Suitcase | Mounted TSA Lock | Spa Blue,Handle feels weak,negative
American Tourister Liftoff+ | Medium Size Check-in Trolley Bag (67 cm) for Travel | 360° 8 Wheel Travel Luggage | Hard Case Polypropylene (PP) Suitcase | Mounted TSA Lock | Spa Blue,Excellent quality and very durable,positive
American Tourister Liftoff+ | Medium Size Check-in Trolley Bag (67 cm) for Travel | 360° 8 Wheel Travel Luggage | Hard Case Polypropylene (PP) Suitcase | Mounted TSA Lock | Spa Blue,Okay for occasional use,positive
American Tourister Liftoff+ | Medium Size Check-in Trolley Bag (67 cm) for Travel | 360° 8 Wheel Travel Luggage | Hard Case Polypropylene (PP) Suitcase | Mounted TSA Lock | Spa Blue,"Worth the price, highly recommended",positive
American Tourister Liftoff+ | Medium Size Check-in Trolley Bag (67 cm) for Travel | 360° 8 Wheel Travel Luggage | Hard Case Polypropylene (PP) Suitcase | Mounted TSA Lock | Spa Blue,Color faded quickly,positive
American Tourister Liftoff+ | Medium Size Check-in Trolley Bag (67 cm) for Travel | 360° 8 Wheel Travel Luggage | Hard Case Polypropylene (PP) Suitcase | Mounted TSA Lock | Spa Blue,"Perfect for travel, loved it",positive
DELSEY PARIS Tiphanie 76 cms Large Check-in Polycarbonate Hardsided 8 Wheels Spinner Luggage/Suitcase/Trolley Bag for Travel with TSA Lock- Graphite Black,Handle feels weak,negative
DELSEY PARIS Tiphanie 76 cms Large Check-in Polycarbonate Hardsided 8 Wheels Spinner Luggage/Suitcase/Trolley Bag for Travel with TSA Lock- Graphite Black,Not satisfied with the build quality,negative
DELSEY PARIS Tiphanie 76 cms Large Check-in Polycarbonate Hardsided 8 Wheels Spinner Luggage/Suitcase/Trolley Bag for Travel with TSA Lock- Graphite Black,Fine for short trips,positive
DELSEY PARIS Tiphanie 76 cms Large Check-in Polycarbonate Hardsided 8 Wheels Spinner Luggage/Suitcase/Trolley Bag for Travel with TSA Lock- Graphite Black,"Perfect for travel, loved it",positive
DELSEY PARIS Tiphanie 76 cms Large Check-in Polycarbonate Hardsided 8 Wheels Spinner Luggage/Suitcase/Trolley Bag for Travel with TSA Lock- Graphite Black,"Average product, does the job",negative
DELSEY PARIS Tiphanie 76 cms Large Check-in Polycarbonate Hardsided 8 Wheels Spinner Luggage/Suitcase/Trolley Bag for Travel with TSA Lock- Graphite Black,Not satisfied with the build quality,negative
"FUR JADEN The Voyager 65cm German Polycarbonate Travel Luggage Check-in ZIPLESS Suitcase with 8 StealthTech Silent Wheels, Double TSA Locks & Aerospace Grade Wide Trolley (Stark Black, Medium 24"")",Fine for short trips,positive
"FUR JADEN The Voyager 65cm German Polycarbonate Travel Luggage Check-in ZIPLESS Suitcase with 8 StealthTech Silent Wheels, Double TSA Locks & Aerospace Grade Wide Trolley (Stark Black, Medium 24"")",Okay for occasional use,positive
"FUR JADEN The Voyager 65cm German Polycarbonate Travel Luggage Check-in ZIPLESS Suitcase with 8 StealthTech Silent Wheels, Double TSA Locks & Aerospace Grade Wide Trolley (Stark Black, Medium 24"")",Wheels broke after few uses,negative
"FUR JADEN The Voyager 65cm German Polycarbonate Travel Luggage Check-in ZIPLESS Suitcase with 8 StealthTech Silent Wheels, Double TSA Locks & Aerospace Grade Wide Trolley (Stark Black, Medium 24"")","Worth the price, highly recommended",positive
"FUR JADEN The Voyager 65cm German Polycarbonate Travel Luggage Check-in ZIPLESS Suitcase with 8 StealthTech Silent Wheels, Double TSA Locks & Aerospace Grade Wide Trolley (Stark Black, Medium 24"")",Handle feels weak,negative
"FUR JADEN The Voyager 65cm German Polycarbonate Travel Luggage Check-in ZIPLESS Suitcase with 8 StealthTech Silent Wheels, Double TSA Locks & Aerospace Grade Wide Trolley (Stark Black, Medium 24"")",Color faded quickly,positive
Nasher Miles Springfield Hard-Sided Polypropylene Check-in Luggage 28 inch | 75cm | 8 Wheels Large Trolley Bag for Travel | Suitcase (Cool Mint),"Perfect for travel, loved it",positive
Nasher Miles Springfield Hard-Sided Polypropylene Check-in Luggage 28 inch | 75cm | 8 Wheels Large Trolley Bag for Travel | Suitcase (Cool Mint),Handle feels weak,negative
Nasher Miles Springfield Hard-Sided Polypropylene Check-in Luggage 28 inch | 75cm | 8 Wheels Large Trolley Bag for Travel | Suitcase (Cool Mint),Handle feels weak,negative
Nasher Miles Polypropylene 360 Degree Paris Hard-Sided Check-in Luggage 28 inch | 75cm | 8 Wheels Large Trolley Bag for Travel | Suitcase (Navy Blue),Fine for short trips,positive
Nasher Miles Polypropylene 360 Degree Paris Hard-Sided Check-in Luggage 28 inch | 75cm | 8 Wheels Large Trolley Bag for Travel | Suitcase (Navy Blue),"Worth the price, highly recommended",positive
Nasher Miles Polypropylene 360 Degree Paris Hard-Sided Check-in Luggage 28 inch | 75cm | 8 Wheels Large Trolley Bag for Travel | Suitcase (Navy Blue),Not satisfied with the build quality,negative
Nasher Miles Polypropylene 360 Degree Paris Hard-Sided Check-in Luggage 28 inch | 75cm | 8 Wheels Large Trolley Bag for Travel | Suitcase (Navy Blue),Okay for occasional use,positive
Nasher Miles Polypropylene 360 Degree Paris Hard-Sided Check-in Luggage 28 inch | 75cm | 8 Wheels Large Trolley Bag for Travel | Suitcase (Dark Green),Color faded quickly,positive
Nasher Miles Polypropylene 360 Degree Paris Hard-Sided Check-in Luggage 28 inch | 75cm | 8 Wheels Large Trolley Bag for Travel | Suitcase (Dark Green),Too expensive for the quality,negative
Nasher Miles Polypropylene 360 Degree Paris Hard-Sided Check-in Luggage 28 inch | 75cm | 8 Wheels Large Trolley Bag for Travel | Suitcase (Dark Green),"Worth the price, highly recommended",positive
Nasher Miles Polypropylene 360 Degree Paris Hard-Sided Check-in Luggage 28 inch | 75cm | 8 Wheels Large Trolley Bag for Travel | Suitcase (Dark Green),Not satisfied with the build quality,negative
Nasher Miles Polypropylene 360 Degree Paris Hard-Sided Check-in Luggage 28 inch | 75cm | 8 Wheels Large Trolley Bag for Travel | Suitcase (Dark Green),Very spacious and sturdy,positive
Nasher Miles Polypropylene 360 Degree Paris Hard-Sided Check-in Luggage 28 inch | 75cm | 8 Wheels Large Trolley Bag for Travel | Suitcase (Dark Green),Color faded quickly,positive
Nasher Miles Paris Hard-Sided Polypropylene Cabin Luggage 20 inch | 55cm | 8 Wheels Double Spinner Small Trolley Bag for Travel | Suitcase (Navy Blue),Handle feels weak,negative
Nasher Miles Paris Hard-Sided Polypropylene Cabin Luggage 20 inch | 55cm | 8 Wheels Double Spinner Small Trolley Bag for Travel | Suitcase (Navy Blue),Too expensive for the quality,negative
Nasher Miles Paris Hard-Sided Polypropylene Cabin Luggage 20 inch | 55cm | 8 Wheels Double Spinner Small Trolley Bag for Travel | Suitcase (Navy Blue),Excellent quality and very durable,positive
Nasher Miles Berlin Expander Soft-Sided Polyester Cabin Luggage 20 inch | 55cm | 8 Wheels Small Trolley Bag for Travel | Suitcase (Black),Smooth wheels and stylish design,positive
Nasher Miles Berlin Expander Soft-Sided Polyester Cabin Luggage 20 inch | 55cm | 8 Wheels Small Trolley Bag for Travel | Suitcase (Black),Fine for short trips,positive
Nasher Miles Berlin Expander Soft-Sided Polyester Cabin Luggage 20 inch | 55cm | 8 Wheels Small Trolley Bag for Travel | Suitcase (Black),Meets expectations,neutral
Nasher Miles Berlin Expander Soft-Sided Polyester Cabin Luggage 20 inch | 55cm | 8 Wheels Small Trolley Bag for Travel | Suitcase (Black),Too expensive for the quality,negative
Nasher Miles Berlin Expander Soft-Sided Polyester Cabin Luggage 20 inch | 55cm | 8 Wheels Small Trolley Bag for Travel | Suitcase (Black),"Worth the price, highly recommended",positive
"Skybags Streax | Cabin Trolley Bag, 55 Cm, Small Hardside Luggage | 8 Wheels, Combination Lock | Polypropylene | Suitcase for Travel | 5 Year International Warranty | Coral","Average product, does the job",negative
"Skybags Streax | Cabin Trolley Bag, 55 Cm, Small Hardside Luggage | 8 Wheels, Combination Lock | Polypropylene | Suitcase for Travel | 5 Year International Warranty | Coral",Okay for occasional use,positive
"Skybags Streax | Cabin Trolley Bag, 55 Cm, Small Hardside Luggage | 8 Wheels, Combination Lock | Polypropylene | Suitcase for Travel | 5 Year International Warranty | Coral",Okay for occasional use,positive
"Skybags Streax | Cabin Trolley Bag, 55 Cm, Small Hardside Luggage | 8 Wheels, Combination Lock | Polypropylene | Suitcase for Travel | 5 Year International Warranty | Coral",Very spacious and sturdy,positive
"Skybags Streax | Check-in Trolley Bag, 76 Cm, Large Hardside Luggage | 8 Wheels Spinner, Combination Lock | Polypropylene | Suitcase for Travel | 5 Year International Warranty | Coral",Smooth wheels and stylish design,positive
"Skybags Streax | Check-in Trolley Bag, 76 Cm, Large Hardside Luggage | 8 Wheels Spinner, Combination Lock | Polypropylene | Suitcase for Travel | 5 Year International Warranty | Coral",Too expensive for the quality,negative
"Skybags Streax | Check-in Trolley Bag, 76 Cm, Large Hardside Luggage | 8 Wheels Spinner, Combination Lock | Polypropylene | Suitcase for Travel | 5 Year International Warranty | Coral","Average product, does the job",negative
"Skybags Streax | Check-in Trolley Bag, 76 Cm, Large Hardside Luggage | 8 Wheels Spinner, Combination Lock | Polypropylene | Suitcase for Travel | 5 Year International Warranty | Black",Handle feels weak,negative
"Skybags Streax | Check-in Trolley Bag, 76 Cm, Large Hardside Luggage | 8 Wheels Spinner, Combination Lock | Polypropylene | Suitcase for Travel | 5 Year International Warranty | Black",Excellent quality and very durable,positive
"Skybags Streax | Check-in Trolley Bag, 76 Cm, Large Hardside Luggage | 8 Wheels Spinner, Combination Lock | Polypropylene | Suitcase for Travel | 5 Year International Warranty | Black",Meets expectations,neutral
"Skybags Streax | Check-in Trolley Bag, 76 Cm, Large Hardside Luggage | 8 Wheels Spinner, Combination Lock | Polypropylene | Suitcase for Travel | 5 Year International Warranty | Black",Handle feels weak,negative
"Skybags Streax | Check-in Trolley Bag, 76 Cm, Large Hardside Luggage | 8 Wheels Spinner, Combination Lock | Polypropylene | Suitcase for Travel | 5 Year International Warranty | Black",Handle feels weak,negative
"Safari 8 Wheels, Anti-Theft Zipper (Check-in) Polycarbonate Trolley Spinner Luggage Large (Cooper 76CM Blue)",Okay for occasional use,positive
"Safari 8 Wheels, Anti-Theft Zipper (Check-in) Polycarbonate Trolley Spinner Luggage Large (Cooper 76CM Blue)",Meets expectations,neutral
"Safari 8 Wheels, Anti-Theft Zipper (Check-in) Polycarbonate Trolley Spinner Luggage Large (Cooper 76CM Blue)","Average product, does the job",negative
"Safari Pentagon Pro 8 Wheels 55Cm Cabin Trolley Bag Hard Case Polypropylene, 360º Wheeling Carry On Luggage for Men & Women, Travel Suitcase, Cyan",Smooth wheels and stylish design,positive
"Safari Pentagon Pro 8 Wheels 55Cm Cabin Trolley Bag Hard Case Polypropylene, 360º Wheeling Carry On Luggage for Men & Women, Travel Suitcase, Cyan",Fine for short trips,positive
"Safari Pentagon Pro 8 Wheels 55Cm Cabin Trolley Bag Hard Case Polypropylene, 360º Wheeling Carry On Luggage for Men & Women, Travel Suitcase, Cyan",Nothing special but decent,positive
"Safari Pentagon Pro 8 Wheels 55Cm Cabin Trolley Bag Hard Case Polypropylene, 360º Wheeling Carry On Luggage for Men & Women, Travel Suitcase, Cyan",Smooth wheels and stylish design,positive
"Safari Pentagon Pro 8 Wheels 55Cm Cabin Trolley Bag Hard Case Polypropylene, 360º Wheeling Carry On Luggage for Men & Women, Travel Suitcase, Cyan","Worth the price, highly recommended",positive
"Safari Genius Alley Set of 3 (Cabin + Medium + Large) Trolley Bags Hard Case Polypropylene, 4 Wheels, 360 Degree Wheeling Luggage, Suitcase for Travel, Trolley Bags for Travel, Flintstone","Worth the price, highly recommended",positive
"Safari Genius Alley Set of 3 (Cabin + Medium + Large) Trolley Bags Hard Case Polypropylene, 4 Wheels, 360 Degree Wheeling Luggage, Suitcase for Travel, Trolley Bags for Travel, Flintstone","Average product, does the job",negative
"Safari Genius Alley Set of 3 (Cabin + Medium + Large) Trolley Bags Hard Case Polypropylene, 4 Wheels, 360 Degree Wheeling Luggage, Suitcase for Travel, Trolley Bags for Travel, Flintstone",Not satisfied with the build quality,negative
"Safari Genius Alley Set of 3 (Cabin + Medium + Large) Trolley Bags Hard Case Polypropylene, 4 Wheels, 360 Degree Wheeling Luggage, Suitcase for Travel, Trolley Bags for Travel, Flintstone",Meets expectations,neutral
"Safari Genius Alley Set of 3 (Cabin + Medium + Large) Trolley Bags Hard Case Polypropylene, 4 Wheels, 360 Degree Wheeling Luggage, Suitcase for Travel, Trolley Bags for Travel, Flintstone","Worth the price, highly recommended",positive
"Safari Genius Alley Set of 3 (Cabin + Medium + Large) Trolley Bags Hard Case Polypropylene, 4 Wheels, 360 Degree Wheeling Luggage, Suitcase for Travel, Trolley Bags for Travel, Flintstone",Handle feels weak,negative
"Safari Astra Neo 8 Wheels 56cm Cabin Size Trolley Bag, Hard Case Polycarbonate, 360 Degree Wheeling Carry-on Luggage for Men & Women, Travel Bag, Suitcase for Travel, Trolley Bag for Travel, Champagne",Excellent quality and very durable,positive
"Safari Astra Neo 8 Wheels 56cm Cabin Size Trolley Bag, Hard Case Polycarbonate, 360 Degree Wheeling Carry-on Luggage for Men & Women, Travel Bag, Suitcase for Travel, Trolley Bag for Travel, Champagne",Excellent quality and very durable,positive
"Safari Astra Neo 8 Wheels 56cm Cabin Size Trolley Bag, Hard Case Polycarbonate, 360 Degree Wheeling Carry-on Luggage for Men & Women, Travel Bag, Suitcase for Travel, Trolley Bag for Travel, Champagne",Not satisfied with the build quality,negative
"Safari Astra Neo 8 Wheels 56cm Cabin Size Trolley Bag, Hard Case Polycarbonate, 360 Degree Wheeling Carry-on Luggage for Men & Women, Travel Bag, Suitcase for Travel, Trolley Bag for Travel, Champagne","Worth the price, highly recommended",positive
"Safari Astra Neo 8 Wheels 56cm Cabin Size Trolley Bag, Hard Case Polycarbonate, 360 Degree Wheeling Carry-on Luggage for Men & Women, Travel Bag, Suitcase for Travel, Trolley Bag for Travel, Champagne","Worth the price, highly recommended",positive
"Safari Genius Alley 55cm Cabin Trolley Bag Hard Case Polypropylene, 4 Spinner Wheels, 360 Degree Wheeling Carry on Luggage, Travel Bag, Suitcase, Trolley Bags, Deep Forrest","Perfect for travel, loved it",positive
"Safari Genius Alley 55cm Cabin Trolley Bag Hard Case Polypropylene, 4 Spinner Wheels, 360 Degree Wheeling Carry on Luggage, Travel Bag, Suitcase, Trolley Bags, Deep Forrest",Nothing special but decent,positive
"Safari Genius Alley 55cm Cabin Trolley Bag Hard Case Polypropylene, 4 Spinner Wheels, 360 Degree Wheeling Carry on Luggage, Travel Bag, Suitcase, Trolley Bags, Deep Forrest",Fine for short trips,positive
"Safari Genius Alley 55cm Cabin Trolley Bag Hard Case Polypropylene, 4 Spinner Wheels, 360 Degree Wheeling Carry on Luggage, Travel Bag, Suitcase, Trolley Bags, Deep Forrest",Very spacious and sturdy,positive
"Safari Medium Thorium Neo 8 Wheels 66 Cm Check-in Trolley Bag Hard Case Polycarbonate 360 Degree Wheeling System Luggage, Trolley Bags for Travel, Suitcase for Travel, Graphite Blue",Wheels broke after few uses,negative
"Safari Medium Thorium Neo 8 Wheels 66 Cm Check-in Trolley Bag Hard Case Polycarbonate 360 Degree Wheeling System Luggage, Trolley Bags for Travel, Suitcase for Travel, Graphite Blue",Meets expectations,neutral
"Safari Medium Thorium Neo 8 Wheels 66 Cm Check-in Trolley Bag Hard Case Polycarbonate 360 Degree Wheeling System Luggage, Trolley Bags for Travel, Suitcase for Travel, Graphite Blue",Very spacious and sturdy,positive
"Safari Medium Thorium Neo 8 Wheels 66 Cm Check-in Trolley Bag Hard Case Polycarbonate 360 Degree Wheeling System Luggage, Trolley Bags for Travel, Suitcase for Travel, Graphite Blue","Perfect for travel, loved it",positive
"Safari Medium Thorium Neo 8 Wheels 66 Cm Check-in Trolley Bag Hard Case Polycarbonate 360 Degree Wheeling System Luggage, Trolley Bags for Travel, Suitcase for Travel, Graphite Blue",Not satisfied with the build quality,negative
"Safari Medium Thorium Neo 8 Wheels 66 Cm Check-in Trolley Bag Hard Case Polycarbonate 360 Degree Wheeling System Luggage, Trolley Bags for Travel, Suitcase for Travel, Graphite Blue",Meets expectations,neutral
"Safari Medium Thorium Neo 8 Wheels 55,66 and 77 Cm Small, and Large 4 Wheel Inline 3 Trolley Bags Polycarbonate 360 Degree Wheeling System Luggage,4 Wheel Inline Trolley Bags,Graphite Blue",Excellent quality and very durable,positive
"Safari Medium Thorium Neo 8 Wheels 55,66 and 77 Cm Small, and Large 4 Wheel Inline 3 Trolley Bags Polycarbonate 360 Degree Wheeling System Luggage,4 Wheel Inline Trolley Bags,Graphite Blue","Worth the price, highly recommended",positive
"Safari Medium Thorium Neo 8 Wheels 55,66 and 77 Cm Small, and Large 4 Wheel Inline 3 Trolley Bags Polycarbonate 360 Degree Wheeling System Luggage,4 Wheel Inline Trolley Bags,Graphite Blue","Perfect for travel, loved it",positive
"Safari Medium Thorium Neo 8 Wheels 55,66 and 77 Cm Small, and Large 4 Wheel Inline 3 Trolley Bags Polycarbonate 360 Degree Wheeling System Luggage,4 Wheel Inline Trolley Bags,Graphite Blue","Worth the price, highly recommended",positive
"Safari Medium Thorium Neo 8 Wheels 55,66 and 77 Cm Small, and Large 4 Wheel Inline 3 Trolley Bags Polycarbonate 360 Degree Wheeling System Luggage,4 Wheel Inline Trolley Bags,Graphite Blue",Handle feels weak,negative
"Safari Pentagon Pro 8 Wheels 55cm Cabin Size Trolley Bag, Hard Case Polypropylene, 360º Wheeling Small Carry-on Luggage, Suitcase for Travel, Trolley Bags for Travel, Luxury Beige",Wheels broke after few uses,negative
"Safari Pentagon Pro 8 Wheels 55cm Cabin Size Trolley Bag, Hard Case Polypropylene, 360º Wheeling Small Carry-on Luggage, Suitcase for Travel, Trolley Bags for Travel, Luxury Beige",Wheels broke after few uses,negative
"Safari Pentagon Pro 8 Wheels 55cm Cabin Size Trolley Bag, Hard Case Polypropylene, 360º Wheeling Small Carry-on Luggage, Suitcase for Travel, Trolley Bags for Travel, Luxury Beige",Very spacious and sturdy,positive
uppercase JFK (Large) 76Cm|Hardshellsided Check-in Inline Trolley Bag for Travel|Eco Polycarbonate Printed Luggage|Combination Lock|8 Wheel Inline Trolley Bag||(Denim Blue),Smooth wheels and stylish design,positive
uppercase JFK (Large) 76Cm|Hardshellsided Check-in Inline Trolley Bag for Travel|Eco Polycarbonate Printed Luggage|Combination Lock|8 Wheel Inline Trolley Bag||(Denim Blue),Excellent quality and very durable,positive
uppercase JFK (Large) 76Cm|Hardshellsided Check-in Inline Trolley Bag for Travel|Eco Polycarbonate Printed Luggage|Combination Lock|8 Wheel Inline Trolley Bag||(Denim Blue),Not satisfied with the build quality,negative
uppercase JFK (Large) 76Cm|Hardshellsided Check-in Inline Trolley Bag for Travel|Eco Polycarbonate Printed Luggage|Combination Lock|8 Wheel Inline Trolley Bag||(Denim Blue),Excellent quality and very durable,positive
uppercase JFK (Large) 76Cm|Hardshellsided Check-in Inline Trolley Bag for Travel|Eco Polycarbonate Printed Luggage|Combination Lock|8 Wheel Inline Trolley Bag||(Denim Blue),Fine for short trips,positive
"Skybags Streax | Cabin Trolley Bag, 55 Cm, Small Hardside Luggage | 8 Wheels, Combination Lock | Polypropylene | Suitcase for Travel | 5 Year International Warranty | Coral",Too expensive for the quality,negative
"Skybags Streax | Cabin Trolley Bag, 55 Cm, Small Hardside Luggage | 8 Wheels, Combination Lock | Polypropylene | Suitcase for Travel | 5 Year International Warranty | Coral",Wheels broke after few uses,negative
"Skybags Streax | Cabin Trolley Bag, 55 Cm, Small Hardside Luggage | 8 Wheels, Combination Lock | Polypropylene | Suitcase for Travel | 5 Year International Warranty | Coral",Very spacious and sturdy,positive
"Skybags Streax | Cabin Trolley Bag, 55 Cm, Small Hardside Luggage | 8 Wheels, Combination Lock | Polypropylene | Suitcase for Travel | 5 Year International Warranty | Coral",Not satisfied with the build quality,negative
"Skybags Streax | Cabin Trolley Bag, 55 Cm, Small Hardside Luggage | 8 Wheels, Combination Lock | Polypropylene | Suitcase for Travel | 5 Year International Warranty | Coral","Average product, does the job",negative
"Skybags Streax | Cabin Trolley Bag, 55 Cm, Small Hardside Luggage | 8 Wheels, Combination Lock | Polypropylene | Suitcase for Travel | 5 Year International Warranty | Coral","Worth the price, highly recommended",positive
"Skybags Streax | Check-in Trolley Bag, 76 Cm, Large Hardside Luggage | 8 Wheels Spinner, Combination Lock | Polypropylene | Suitcase for Travel | 5 Year International Warranty | Coral",Meets expectations,neutral
"Skybags Streax | Check-in Trolley Bag, 76 Cm, Large Hardside Luggage | 8 Wheels Spinner, Combination Lock | Polypropylene | Suitcase for Travel | 5 Year International Warranty | Coral","Average product, does the job",negative
"Skybags Streax | Check-in Trolley Bag, 76 Cm, Large Hardside Luggage | 8 Wheels Spinner, Combination Lock | Polypropylene | Suitcase for Travel | 5 Year International Warranty | Coral",Color faded quickly,positive
"Skybags Streax | Check-in Trolley Bag, 76 Cm, Large Hardside Luggage | 8 Wheels Spinner, Combination Lock | Polypropylene | Suitcase for Travel | 5 Year International Warranty | Coral",Very spacious and sturdy,positive
"Skybags Streax | Check-in Trolley Bag, 76 Cm, Large Hardside Luggage | 8 Wheels Spinner, Combination Lock | Polypropylene | Suitcase for Travel | 5 Year International Warranty | Coral",Too expensive for the quality,negative
"Skybags Streax | Check-in Trolley Bag, 76 Cm, Large Hardside Luggage | 8 Wheels Spinner, Combination Lock | Polypropylene | Suitcase for Travel | 5 Year International Warranty | Coral",Color faded quickly,positive
"Skybags Streax | Check-in Trolley Bag, 76 Cm, Large Hardside Luggage | 8 Wheels Spinner, Combination Lock | Polypropylene | Suitcase for Travel | 5 Year International Warranty | Black",Fine for short trips,positive
"Skybags Streax | Check-in Trolley Bag, 76 Cm, Large Hardside Luggage | 8 Wheels Spinner, Combination Lock | Polypropylene | Suitcase for Travel | 5 Year International Warranty | Black",Okay for occasional use,positive
"Skybags Streax | Check-in Trolley Bag, 76 Cm, Large Hardside Luggage | 8 Wheels Spinner, Combination Lock | Polypropylene | Suitcase for Travel | 5 Year International Warranty | Black",Okay for occasional use,positive
"Skybags Streax | Check-in Trolley Bag, 76 Cm, Large Hardside Luggage | 8 Wheels Spinner, Combination Lock | Polypropylene | Suitcase for Travel | 5 Year International Warranty | Black",Wheels broke after few uses,negative
"Skybags Streax | Check-in Trolley Bag, 76 Cm, Large Hardside Luggage | 8 Wheels Spinner, Combination Lock | Polypropylene | Suitcase for Travel | 5 Year International Warranty | Black",Too expensive for the quality,negative
American Tourister Liftoff+ | Large Size Check-in Trolley Bag (79 cm) for Travel | 360° 8 Wheel Travel Luggage | Hard Case Polypropylene (PP) Suitcase | Mounted TSA Lock | Seafoam Blue,"Average product, does the job",negative
American Tourister Liftoff+ | Large Size Check-in Trolley Bag (79 cm) for Travel | 360° 8 Wheel Travel Luggage | Hard Case Polypropylene (PP) Suitcase | Mounted TSA Lock | Seafoam Blue,Nothing special but decent,positive
American Tourister Liftoff+ | Large Size Check-in Trolley Bag (79 cm) for Travel | 360° 8 Wheel Travel Luggage | Hard Case Polypropylene (PP) Suitcase | Mounted TSA Lock | Seafoam Blue,Wheels broke after few uses,negative
American Tourister Liftoff+ | Large Size Check-in Trolley Bag (79 cm) for Travel | 360° 8 Wheel Travel Luggage | Hard Case Polypropylene (PP) Suitcase | Mounted TSA Lock | Seafoam Blue,"Perfect for travel, loved it",positive
"Skybags Streax | Check-in Trolley Bag, 66 Cm, Medium Hardside Luggage | 8 Wheels, Combination Lock | Polypropylene | Suitcase for Travel | 5 Year International Warranty | Black| Spinner Wheel",Excellent quality and very durable,positive
"Skybags Streax | Check-in Trolley Bag, 66 Cm, Medium Hardside Luggage | 8 Wheels, Combination Lock | Polypropylene | Suitcase for Travel | 5 Year International Warranty | Black| Spinner Wheel",Not satisfied with the build quality,negative
"Skybags Streax | Check-in Trolley Bag, 66 Cm, Medium Hardside Luggage | 8 Wheels, Combination Lock | Polypropylene | Suitcase for Travel | 5 Year International Warranty | Black| Spinner Wheel",Meets expectations,neutral
"Skybags Streax | Check-in Trolley Bag, 66 Cm, Medium Hardside Luggage | 8 Wheels, Combination Lock | Polypropylene | Suitcase for Travel | 5 Year International Warranty | Black| Spinner Wheel",Okay for occasional use,positive
Aristocrat Atlas Cabin Trolley Bag 55cm | Small | Hard Luggage | Smooth 8-Wheel Suitcase | Secure Combination Lock with Sturdy Zipper | Full Fabric Convipack | 3-Year Warranty (Pearl White),Wheels broke after few uses,negative
Aristocrat Atlas Cabin Trolley Bag 55cm | Small | Hard Luggage | Smooth 8-Wheel Suitcase | Secure Combination Lock with Sturdy Zipper | Full Fabric Convipack | 3-Year Warranty (Pearl White),Smooth wheels and stylish design,positive
Aristocrat Atlas Cabin Trolley Bag 55cm | Small | Hard Luggage | Smooth 8-Wheel Suitcase | Secure Combination Lock with Sturdy Zipper | Full Fabric Convipack | 3-Year Warranty (Pearl White),Wheels broke after few uses,negative
"FUR JADEN The Voyager 65cm German Polycarbonate Travel Luggage Check-in ZIPLESS Suitcase with 8 StealthTech Silent Wheels, Double TSA Locks & Aerospace Grade Wide Trolley (Stark Black, Medium 24"")",Okay for occasional use,positive
"FUR JADEN The Voyager 65cm German Polycarbonate Travel Luggage Check-in ZIPLESS Suitcase with 8 StealthTech Silent Wheels, Double TSA Locks & Aerospace Grade Wide Trolley (Stark Black, Medium 24"")",Too expensive for the quality,negative
"FUR JADEN The Voyager 65cm German Polycarbonate Travel Luggage Check-in ZIPLESS Suitcase with 8 StealthTech Silent Wheels, Double TSA Locks & Aerospace Grade Wide Trolley (Stark Black, Medium 24"")",Smooth wheels and stylish design,positive
"FUR JADEN The Voyager 65cm German Polycarbonate Travel Luggage Check-in ZIPLESS Suitcase with 8 StealthTech Silent Wheels, Double TSA Locks & Aerospace Grade Wide Trolley (Stark Black, Medium 24"")",Color faded quickly,positive
Skybags Rubik Polyester 78 Cms Softsided Large check-in luggage,Handle feels weak,negative
Skybags Rubik Polyester 78 Cms Softsided Large check-in luggage,Nothing special but decent,positive
Skybags Rubik Polyester 78 Cms Softsided Large check-in luggage,"Worth the price, highly recommended",positive
"Skybags Cabin Stroke Abs Hardshell Luggage (55 Cm) | Printed Luggage 4 Wheel Inline Trolley Bag with 8 Wheels and in-Built Combination Lock | Unisex, Blue and White, Small",Fine for short trips,positive
"Skybags Cabin Stroke Abs Hardshell Luggage (55 Cm) | Printed Luggage 4 Wheel Inline Trolley Bag with 8 Wheels and in-Built Combination Lock | Unisex, Blue and White, Small",Not satisfied with the build quality,negative
"Skybags Cabin Stroke Abs Hardshell Luggage (55 Cm) | Printed Luggage 4 Wheel Inline Trolley Bag with 8 Wheels and in-Built Combination Lock | Unisex, Blue and White, Small",Okay for occasional use,positive
Skybags Cabin Paratrip Hard Luggage (55 cm) | Polypropylene Luggage Trolley with 8 Spinner Wheels| Purple Oppulence | Unisex,Nothing special but decent,positive
Skybags Cabin Paratrip Hard Luggage (55 cm) | Polypropylene Luggage Trolley with 8 Spinner Wheels| Purple Oppulence | Unisex,Excellent quality and very durable,positive
Skybags Cabin Paratrip Hard Luggage (55 cm) | Polypropylene Luggage Trolley with 8 Spinner Wheels| Purple Oppulence | Unisex,Nothing special but decent,positive
Skybags Cabin Paratrip Hard Luggage (55 cm) | Polypropylene Luggage Trolley with 8 Spinner Wheels| Purple Oppulence | Unisex,Too expensive for the quality,negative
Skybags Cabin Paratrip Hard Luggage (55 cm) | Polypropylene Luggage Trolley with 8 Spinner Wheels| Purple Oppulence | Unisex,Color faded quickly,positive
"Safari Pentagon Pro 8 Wheels 55cm Cabin Size Trolley Bag, Hard Case Polypropylene, 360º Wheeling Small Carry-on Luggage, Suitcase for Travel, Trolley Bags for Travel, Luxury Beige",Too expensive for the quality,negative
"Safari Pentagon Pro 8 Wheels 55cm Cabin Size Trolley Bag, Hard Case Polypropylene, 360º Wheeling Small Carry-on Luggage, Suitcase for Travel, Trolley Bags for Travel, Luxury Beige","Average product, does the job",negative
"Safari Pentagon Pro 8 Wheels 55cm Cabin Size Trolley Bag, Hard Case Polypropylene, 360º Wheeling Small Carry-on Luggage, Suitcase for Travel, Trolley Bags for Travel, Luxury Beige",Meets expectations,neutral
"Safari Pentagon Pro 8 Wheels 55cm Cabin Size Trolley Bag, Hard Case Polypropylene, 360º Wheeling Small Carry-on Luggage, Suitcase for Travel, Trolley Bags for Travel, Luxury Beige",Color faded quickly,positive
uppercase Polycarbonate JFK (Large) 76cm | Hardsided Check-in Trolley Bag for Travel Spinner Luggage | 8 Wheel Trolley Bag |Suitcase for Unisex |2000 Days Warranty (Teal Blue),Excellent quality and very durable,positive
uppercase Polycarbonate JFK (Large) 76cm | Hardsided Check-in Trolley Bag for Travel Spinner Luggage | 8 Wheel Trolley Bag |Suitcase for Unisex |2000 Days Warranty (Teal Blue),"Perfect for travel, loved it",positive
uppercase Polycarbonate JFK (Large) 76cm | Hardsided Check-in Trolley Bag for Travel Spinner Luggage | 8 Wheel Trolley Bag |Suitcase for Unisex |2000 Days Warranty (Teal Blue),Wheels broke after few uses,negative
"Skybags Streax | Cabin Trolley Bag, 55 Cm, Small Hardside Luggage | 8 Wheels, Combination Lock | Polypropylene | Suitcase for Travel | 5 Year International Warranty | Coral",Meets expectations,neutral
"Skybags Streax | Cabin Trolley Bag, 55 Cm, Small Hardside Luggage | 8 Wheels, Combination Lock | Polypropylene | Suitcase for Travel | 5 Year International Warranty | Coral",Okay for occasional use,positive
"Skybags Streax | Cabin Trolley Bag, 55 Cm, Small Hardside Luggage | 8 Wheels, Combination Lock | Polypropylene | Suitcase for Travel | 5 Year International Warranty | Coral",Nothing special but decent,positive
"Skybags Streax | Cabin Trolley Bag, 55 Cm, Small Hardside Luggage | 8 Wheels, Combination Lock | Polypropylene | Suitcase for Travel | 5 Year International Warranty | Coral",Not satisfied with the build quality,negative
"Skybags Streax | Cabin Trolley Bag, 55 Cm, Small Hardside Luggage | 8 Wheels, Combination Lock | Polypropylene | Suitcase for Travel | 5 Year International Warranty | Coral",Excellent quality and very durable,positive
"Skybags Streax | Cabin Trolley Bag, 55 Cm, Small Hardside Luggage | 8 Wheels, Combination Lock | Polypropylene | Suitcase for Travel | 5 Year International Warranty | Coral","Average product, does the job",negative
"Skybags Streax | Check-in Trolley Bag, 76 Cm, Large Hardside Luggage | 8 Wheels Spinner, Combination Lock | Polypropylene | Suitcase for Travel | 5 Year International Warranty | Coral",Color faded quickly,positive
"Skybags Streax | Check-in Trolley Bag, 76 Cm, Large Hardside Luggage | 8 Wheels Spinner, Combination Lock | Polypropylene | Suitcase for Travel | 5 Year International Warranty | Coral",Okay for occasional use,positive
"Skybags Streax | Check-in Trolley Bag, 76 Cm, Large Hardside Luggage | 8 Wheels Spinner, Combination Lock | Polypropylene | Suitcase for Travel | 5 Year International Warranty | Coral",Smooth wheels and stylish design,positive
"Skybags Streax | Check-in Trolley Bag, 76 Cm, Large Hardside Luggage | 8 Wheels Spinner, Combination Lock | Polypropylene | Suitcase for Travel | 5 Year International Warranty | Coral","Average product, does the job",negative
"Skybags Streax | Check-in Trolley Bag, 76 Cm, Large Hardside Luggage | 8 Wheels Spinner, Combination Lock | Polypropylene | Suitcase for Travel | 5 Year International Warranty | Black","Perfect for travel, loved it",positive
"Skybags Streax | Check-in Trolley Bag, 76 Cm, Large Hardside Luggage | 8 Wheels Spinner, Combination Lock | Polypropylene | Suitcase for Travel | 5 Year International Warranty | Black",Not satisfied with the build quality,negative
"Skybags Streax | Check-in Trolley Bag, 76 Cm, Large Hardside Luggage | 8 Wheels Spinner, Combination Lock | Polypropylene | Suitcase for Travel | 5 Year International Warranty | Black",Nothing special but decent,positive
American Tourister Liftoff+ | Large Size Check-in Trolley Bag (79 cm) for Travel | 360° 8 Wheel Travel Luggage | Hard Case Polypropylene (PP) Suitcase | Mounted TSA Lock | Seafoam Blue,Fine for short trips,positive
American Tourister Liftoff+ | Large Size Check-in Trolley Bag (79 cm) for Travel | 360° 8 Wheel Travel Luggage | Hard Case Polypropylene (PP) Suitcase | Mounted TSA Lock | Seafoam Blue,Too expensive for the quality,negative
American Tourister Liftoff+ | Large Size Check-in Trolley Bag (79 cm) for Travel | 360° 8 Wheel Travel Luggage | Hard Case Polypropylene (PP) Suitcase | Mounted TSA Lock | Seafoam Blue,Wheels broke after few uses,negative
American Tourister Liftoff+ | Large Size Check-in Trolley Bag (79 cm) for Travel | 360° 8 Wheel Travel Luggage | Hard Case Polypropylene (PP) Suitcase | Mounted TSA Lock | Seafoam Blue,Nothing special but decent,positive
American Tourister Liftoff+ | Large Size Check-in Trolley Bag (79 cm) for Travel | 360° 8 Wheel Travel Luggage | Hard Case Polypropylene (PP) Suitcase | Mounted TSA Lock | Seafoam Blue,Color faded quickly,positive
American Tourister Liftoff+ | Large Size Check-in Trolley Bag (79 cm) for Travel | 360° 8 Wheel Travel Luggage | Hard Case Polypropylene (PP) Suitcase | Mounted TSA Lock | Seafoam Blue,Handle feels weak,negative
"FUR JADEN The Voyager 65cm German Polycarbonate Travel Luggage Check-in ZIPLESS Suitcase with 8 StealthTech Silent Wheels, Double TSA Locks & Aerospace Grade Wide Trolley (Stark Black, Medium 24"")",Okay for occasional use,positive
"FUR JADEN The Voyager 65cm German Polycarbonate Travel Luggage Check-in ZIPLESS Suitcase with 8 StealthTech Silent Wheels, Double TSA Locks & Aerospace Grade Wide Trolley (Stark Black, Medium 24"")",Very spacious and sturdy,positive
"FUR JADEN The Voyager 65cm German Polycarbonate Travel Luggage Check-in ZIPLESS Suitcase with 8 StealthTech Silent Wheels, Double TSA Locks & Aerospace Grade Wide Trolley (Stark Black, Medium 24"")",Nothing special but decent,positive
"FUR JADEN The Voyager 65cm German Polycarbonate Travel Luggage Check-in ZIPLESS Suitcase with 8 StealthTech Silent Wheels, Double TSA Locks & Aerospace Grade Wide Trolley (Stark Black, Medium 24"")",Fine for short trips,positive
"FUR JADEN The Voyager 65cm German Polycarbonate Travel Luggage Check-in ZIPLESS Suitcase with 8 StealthTech Silent Wheels, Double TSA Locks & Aerospace Grade Wide Trolley (Stark Black, Medium 24"")",Color faded quickly,positive
"VIP Widget Durable Polyester Soft Sided Check-in Luggage Spinner Wheels with Quick Access Front Pockets (Medium, 69cm, Blue)",Handle feels weak,negative
"VIP Widget Durable Polyester Soft Sided Check-in Luggage Spinner Wheels with Quick Access Front Pockets (Medium, 69cm, Blue)",Okay for occasional use,positive
"VIP Widget Durable Polyester Soft Sided Check-in Luggage Spinner Wheels with Quick Access Front Pockets (Medium, 69cm, Blue)",Smooth wheels and stylish design,positive
"VIP Widget Durable Polyester Soft Sided Check-in Luggage Spinner Wheels with Quick Access Front Pockets (Medium, 69cm, Blue)",Color faded quickly,positive
"VIP Widget Durable Polyester Soft Sided Check-in Luggage Spinner Wheels with Quick Access Front Pockets (Medium, 69cm, Blue)","Perfect for travel, loved it",positive
VIP Lexus Check-in Trolley Bag 76cm | Large | Hard Luggage | Smooth 8-Wheel Suitcase | Flushed TSA Lock with Anti-Theft Zipper | Robust Polypropylene Shell | 5 Years International Warranty (Mustard),Smooth wheels and stylish design,positive
VIP Lexus Check-in Trolley Bag 76cm | Large | Hard Luggage | Smooth 8-Wheel Suitcase | Flushed TSA Lock with Anti-Theft Zipper | Robust Polypropylene Shell | 5 Years International Warranty (Mustard),Wheels broke after few uses,negative
VIP Lexus Check-in Trolley Bag 76cm | Large | Hard Luggage | Smooth 8-Wheel Suitcase | Flushed TSA Lock with Anti-Theft Zipper | Robust Polypropylene Shell | 5 Years International Warranty (Mustard),Okay for occasional use,positive
VIP Lexus Check-in Trolley Bag 76cm | Large | Hard Luggage | Smooth 8-Wheel Suitcase | Flushed TSA Lock with Anti-Theft Zipper | Robust Polypropylene Shell | 5 Years International Warranty (Mustard),Okay for occasional use,positive
VIP Lexus Check-in Trolley Bag 76cm | Large | Hard Luggage | Smooth 8-Wheel Suitcase | Flushed TSA Lock with Anti-Theft Zipper | Robust Polypropylene Shell | 5 Years International Warranty (Mustard),Not satisfied with the build quality,negative
VIP Lexus Check-in Trolley Bag 76cm | Large | Hard Luggage | Smooth 8-Wheel Suitcase | Flushed TSA Lock with Anti-Theft Zipper | Robust Polypropylene Shell | 5 Years International Warranty (Mustard),Okay for occasional use,positive
"VIP Unicorn Nxt 8W Str 80 Cm | Check-in Polyester Soft Sided 8 Wheels Spinner Trolleys (Blue, Large)",Fine for short trips,positive
"VIP Unicorn Nxt 8W Str 80 Cm | Check-in Polyester Soft Sided 8 Wheels Spinner Trolleys (Blue, Large)",Not satisfied with the build quality,negative
"VIP Unicorn Nxt 8W Str 80 Cm | Check-in Polyester Soft Sided 8 Wheels Spinner Trolleys (Blue, Large)",Wheels broke after few uses,negative
"VIP Unicorn Nxt 8W Str 80 Cm | Check-in Polyester Soft Sided 8 Wheels Spinner Trolleys (Blue, Large)","Perfect for travel, loved it",positive
"VIP Unicorn Nxt 8W Str 80 Cm | Check-in Polyester Soft Sided 8 Wheels Spinner Trolleys (Blue, Large)",Color faded quickly,positive
"VIP Unicorn Nxt 8W Str 80 Cm | Check-in Polyester Soft Sided 8 Wheels Spinner Trolleys (Blue, Large)",Wheels broke after few uses,negative
"Skybags Cabin Stroke Abs Hardshell Luggage (55 Cm) | Printed Luggage 4 Wheel Inline Trolley Bag with 8 Wheels and in-Built Combination Lock | Unisex, Blue and White, Small",Color faded quickly,positive
"Skybags Cabin Stroke Abs Hardshell Luggage (55 Cm) | Printed Luggage 4 Wheel Inline Trolley Bag with 8 Wheels and in-Built Combination Lock | Unisex, Blue and White, Small",Smooth wheels and stylish design,positive
"Skybags Cabin Stroke Abs Hardshell Luggage (55 Cm) | Printed Luggage 4 Wheel Inline Trolley Bag with 8 Wheels and in-Built Combination Lock | Unisex, Blue and White, Small",Nothing special but decent,positive
Aristocrat Polycarbonate Spinner Comet Cabin Trolley Bag 56cm|Small|Hard Luggage| Smooth 8-Wheel Suitcase|Combination Lock with Sturdy Zipper|Full Fabric Convipack|3-Year International Warranty (Blue),Wheels broke after few uses,negative
Aristocrat Polycarbonate Spinner Comet Cabin Trolley Bag 56cm|Small|Hard Luggage| Smooth 8-Wheel Suitcase|Combination Lock with Sturdy Zipper|Full Fabric Convipack|3-Year International Warranty (Blue),Meets expectations,neutral
Aristocrat Polycarbonate Spinner Comet Cabin Trolley Bag 56cm|Small|Hard Luggage| Smooth 8-Wheel Suitcase|Combination Lock with Sturdy Zipper|Full Fabric Convipack|3-Year International Warranty (Blue),"Worth the price, highly recommended",positive
Aristocrat Polycarbonate Spinner Comet Cabin Trolley Bag 56cm|Small|Hard Luggage| Smooth 8-Wheel Suitcase|Combination Lock with Sturdy Zipper|Full Fabric Convipack|3-Year International Warranty (Blue),Color faded quickly,positive
Aristocrat Polycarbonate Spinner Comet Cabin Trolley Bag 56cm|Small|Hard Luggage| Smooth 8-Wheel Suitcase|Combination Lock with Sturdy Zipper|Full Fabric Convipack|3-Year International Warranty (Blue),Okay for occasional use,positive
Aristocrat Polycarbonate Spinner Comet Cabin Trolley Bag 56cm|Small|Hard Luggage| Smooth 8-Wheel Suitcase|Combination Lock with Sturdy Zipper|Full Fabric Convipack|3-Year International Warranty (Blue),Excellent quality and very durable,positive
American Tourister Liftoff+ | Medium Size Check-in Trolley Bag (67 cm) for Travel | 360° 8 Wheel Travel Luggage | Hard Case Polypropylene (PP) Suitcase | Mounted TSA Lock | Spa Blue,Not satisfied with the build quality,negative
American Tourister Liftoff+ | Medium Size Check-in Trolley Bag (67 cm) for Travel | 360° 8 Wheel Travel Luggage | Hard Case Polypropylene (PP) Suitcase | Mounted TSA Lock | Spa Blue,Smooth wheels and stylish design,positive
American Tourister Liftoff+ | Medium Size Check-in Trolley Bag (67 cm) for Travel | 360° 8 Wheel Travel Luggage | Hard Case Polypropylene (PP) Suitcase | Mounted TSA Lock | Spa Blue,Nothing special but decent,positive
American Tourister Liftoff+ | Medium Size Check-in Trolley Bag (67 cm) for Travel | 360° 8 Wheel Travel Luggage | Hard Case Polypropylene (PP) Suitcase | Mounted TSA Lock | Spa Blue,Okay for occasional use,positive
American Tourister Liftoff+ | Medium Size Check-in Trolley Bag (67 cm) for Travel | 360° 8 Wheel Travel Luggage | Hard Case Polypropylene (PP) Suitcase | Mounted TSA Lock | Spa Blue,Fine for short trips,positive
DELSEY PARIS Belmont Plus 55 cms Small Cabin Polypropylene Hard-Sided 8 Wheels Spinner and Expandable Luggage/Suitcase/Trolley Bag for Travel with ®SECURI TECH Zip- Black,Excellent quality and very durable,positive
DELSEY PARIS Belmont Plus 55 cms Small Cabin Polypropylene Hard-Sided 8 Wheels Spinner and Expandable Luggage/Suitcase/Trolley Bag for Travel with ®SECURI TECH Zip- Black,"Average product, does the job",negative
DELSEY PARIS Belmont Plus 55 cms Small Cabin Polypropylene Hard-Sided 8 Wheels Spinner and Expandable Luggage/Suitcase/Trolley Bag for Travel with ®SECURI TECH Zip- Black,Very spacious and sturdy,positive
DELSEY PARIS Belmont Plus 55 cms Small Cabin Polypropylene Hard-Sided 8 Wheels Spinner and Expandable Luggage/Suitcase/Trolley Bag for Travel with ®SECURI TECH Zip- Black,Very spacious and sturdy,positive
