asin,brand,title,price,mrp,discount_pct,rating,review_count,size_tag,url
B0FFBBFDRN,American Tourister,"Skybags Streax | Cabin Trolley Bag, 55 Cm, Small Hardside Luggage | 8 Wheels, Combination Lock | Polypropylene | Suitcase for Travel | 5 Year International Warranty | Coral",1799.0,6000.0,70.0,4.1,396,cabin,https://www.amazon.in/dp/B0FFBBFDRN
B0FFBBZT6M,American Tourister,"Skybags Streax | Check-in Trolley Bag, 76 Cm, Large Hardside Luggage | 8 Wheels Spinner, Combination Lock | Polypropylene | Suitcase for Travel | 5 Year International Warranty | Coral",2699.0,9000.0,70.0,4.1,396,large,https://www.amazon.in/dp/B0FFBBZT6M
B0FFB9M337,American Tourister,"Skybags Streax | Check-in Trolley Bag, 76 Cm, Large Hardside Luggage | 8 Wheels Spinner, Combination Lock | Polypropylene | Suitcase for Travel | 5 Year International Warranty | Black",2699.0,9000.0,70.0,4.1,396,large,https://www.amazon.in/dp/B0FFB9M337
B0F5HLYQK3,American Tourister,American Tourister Liftoff+ | Large Size Check-in Trolley Bag (79 cm) for Travel | 360° 8 Wheel Travel Luggage | Hard Case Polypropylene (PP) Suitcase | Mounted TSA Lock | Seafoam Blue,3799.0,9800.0,61.2,4.1,2285,large,https://www.amazon.in/dp/B0F5HLYQK3
B07Z3YX83T,American Tourister,"American Tourister Medium Trolley Bag for Travel | Upland Spinner 68 Cms Polypropylene Hardsided Check-in Luggage Bag | Suitcase for Travel | Trolley Bag for Travelling, Black",2549.0,8490.0,70.0,4.2,589,medium,https://www.amazon.in/dp/B07Z3YX83T
B0FPXH2SP9,American Tourister,Aristocrat Atlas Check-in Trolley Bag 66cm | Medium | Hard Luggage | Smooth 8-Wheel Suitcase | Secure Combination Lock with Sturdy Zipper | Full Fabric Convipack | 3-Year Warranty (Pearl White),2049.0,8490.0,75.9,4.0,1169,medium,https://www.amazon.in/dp/B0FPXH2SP9
B0DSJGQYGD,American Tourister,"FUR JADEN The Voyager 65cm German Polycarbonate Travel Luggage Check-in ZIPLESS Suitcase with 8 StealthTech Silent Wheels, Double TSA Locks & Aerospace Grade Wide Trolley (Stark Black, Medium 24"")",7999.0,13000.0,38.5,4.3,56,medium,https://www.amazon.in/dp/B0DSJGQYGD
B0F5HLTS84,American Tourister,American Tourister Liftoff+ | Large Size Check-in Trolley Bag (79 cm) for Travel | 360° 8 Wheel Travel Luggage | Hard Case Polypropylene (PP) Suitcase | Mounted TSA Lock | Berry Blast,3799.0,9800.0,61.2,4.1,2285,large,https://www.amazon.in/dp/B0F5HLTS84
B0BTHN42H6,American Tourister,"American Tourister Polyester Harp Duffle Bag 62 Cm Grey, 62 x 32 x 29 Centimeters",999.0,3500.0,71.5,3.9,62,unknown,https://www.amazon.in/dp/B0BTHN42H6
B0D633NS5R,American Tourister,Kamiliant American Tourister Harrier | Trolley Bag Check-in Large Size (79 cms) for Travel| Hard Case Polypropylene (PP) Suitcase | 360° 4-Wheel Luggage Trolley | Combination Lock | Slate Grey,2399.0,12200.0,80.3,4.1,14801,large,https://www.amazon.in/dp/B0D633NS5R
B0F5HLY8ND,American Tourister,American Tourister Robotech | Large Size Check-in Trolley Bag (77 cm) | 360° 8 Wheel Travel Luggage | Hard Case Polycarbonate (PC) Suitcase | Recessed TSA Lock | Cadet Blue,5299.0,14600.0,63.7,4.1,2103,large,https://www.amazon.in/dp/B0F5HLY8ND
B0BV7HHF3W,American Tourister,uppercase Polycarbonate JFK (Large) 76cm | Hardsided Check-in Trolley Bag for Travel Spinner Luggage | 8 Wheel Trolley Bag |Suitcase for Unisex |2000 Days Warranty (Teal Blue),4200.0,7000.0,40.0,4.3,1113,large,https://www.amazon.in/dp/B0BV7HHF3W
B0FFBBFDRN,Aristocrat,"Skybags Streax | Cabin Trolley Bag, 55 Cm, Small Hardside Luggage | 8 Wheels, Combination Lock | Polypropylene | Suitcase for Travel | 5 Year International Warranty | Coral",1799.0,6000.0,70.0,4.1,396,cabin,https://www.amazon.in/dp/B0FFBBFDRN
B0FFBBZT6M,Aristocrat,"Skybags Streax | Check-in Trolley Bag, 76 Cm, Large Hardside Luggage | 8 Wheels Spinner, Combination Lock | Polypropylene | Suitcase for Travel | 5 Year International Warranty | Coral",2699.0,9000.0,70.0,4.1,396,large,https://www.amazon.in/dp/B0FFBBZT6M
B0FFB9M337,Aristocrat,"Skybags Streax | Check-in Trolley Bag, 76 Cm, Large Hardside Luggage | 8 Wheels Spinner, Combination Lock | Polypropylene | Suitcase for Travel | 5 Year International Warranty | Black",2699.0,9000.0,70.0,4.1,396,large,https://www.amazon.in/dp/B0FFB9M337
B0FC6QHJD7,Aristocrat,Aristocrat Polycarbonate Spinner Comet Cabin Trolley Bag 56cm|Small|Hard Luggage| Smooth 8-Wheel Suitcase|Combination Lock with Sturdy Zipper|Full Fabric Convipack|3-Year International Warranty (Grey),1439.0,7990.0,82.0,4.1,2466,cabin,https://www.amazon.in/dp/B0FC6QHJD7
B0FPXK5JRQ,Aristocrat,Aristocrat Atlas Check-in Trolley Bag 66cm | Medium | Hard Luggage | Smooth 8-Wheel Suitcase | Secure Combination Lock with Sturdy Zipper | Full Fabric Convipack | 3-Year Warranty (Teal Blue),2049.0,8490.0,75.9,4.0,1169,medium,https://www.amazon.in/dp/B0FPXK5JRQ
B0FMF1LW1W,Aristocrat,"Aristocrat Liberty Set of 2 (Cabin+Medium) Trolley Bag, 58+68Cm | Combination Lock | 8 Wheels | 3 Years International Warranty | Spanish Blue",2958.9,14375.0,79.4,4.2,1348,cabin,https://www.amazon.in/dp/B0FMF1LW1W
B0F5HP8Z3M,Aristocrat,American Tourister Liftoff+ | Medium Size Check-in Trolley Bag (67 cm) for Travel | 360° 8 Wheel Travel Luggage | Hard Case Polypropylene (PP) Suitcase | Mounted TSA Lock | Spa Blue,3299.0,8600.0,61.6,4.1,2285,medium,https://www.amazon.in/dp/B0F5HP8Z3M
B0FMF1QMKX,Aristocrat,"Aristocrat Liberty Set of 3 (Cabin+Medium+Large) Trolley Bag, 58+68+78Cm | Combination Lock | 8 Wheels | 3 Years International Warranty | New Saddle Brown",4499.0,24775.0,81.8,4.2,1348,cabin,https://www.amazon.in/dp/B0FMF1QMKX
B0FC6L8H6G,Aristocrat,"Aristocrat Comet Set of 2 Trolley Bag 56, 66cm | Small+Medium | Hard Luggage| Smooth 8-Wheel Suitcase| Combination Lock With Sturdy Zipper| Full Fabric Convipack | 3-year International Warranty (Grey)",3149.0,18880.0,83.3,4.1,2466,medium,https://www.amazon.in/dp/B0FC6L8H6G
B0D4RBM6Q6,Aristocrat,"Aristocrat Cabin Polypropylene Airpro 55 Cm(Small) 8 Spinner Wheels Trolley Bags for Travel Hard Case Luggage, Lightweight Bag with Combination Lock & Robust Trolley with 3 Years Warranty (Blue)",1599.0,7500.0,78.7,4.2,12487,cabin,https://www.amazon.in/dp/B0D4RBM6Q6
B0FMF3PRSZ,Aristocrat,"Aristocrat Liberty Medium (Check-in) Trolley Bag, 68Cm | Combination Lock | 8 Wheels | 3 Years International Warranty | Jet Black, Polypropylene (PP), Hard, Spinner Wheel",1949.0,8125.0,76.0,4.2,1348,medium,https://www.amazon.in/dp/B0FMF3PRSZ
B0FMF3SLPK,Aristocrat,"Aristocrat Liberty Cabin (Carry-On) Trolley Bag, 58Cm | Combination Lock | 8 Wheels | 3 Years International Warranty | Spanish Blue, Polypropylene (PP), Hard, Spinner Wheel",1499.0,6250.0,76.0,4.2,1348,cabin,https://www.amazon.in/dp/B0FMF3SLPK
B0CJDZPSSF,Nasher Miles,Nasher Miles The Line Hard-Sided Polypropylene Check-in Luggage 28 inch | 75cm | 8 Wheels Large Trolley Bag for Travel | Suitcase (Black),3757.0,17995.0,79.1,4.2,94,large,https://www.amazon.in/dp/B0CJDZPSSF
B0CJDW9FJM,Nasher Miles,Nasher Miles The Line Hard-Sided Polypropylene Luggage Set of 2 | 55cm & 65cm | 8 Wheels Small & Medium Trolley Bag for Travel | Suitcase (White),6798.0,29990.0,77.3,4.2,94,medium,https://www.amazon.in/dp/B0CJDW9FJM
B0CJDV1FJB,Nasher Miles,Nasher Miles The Line Hard-Sided Polypropylene Cabin Luggage 20 inch | 55cm | 8 Wheels Small Trolley Bag for Travel | Suitcase (Pink),3199.0,13995.0,77.1,4.2,94,cabin,https://www.amazon.in/dp/B0CJDV1FJB
B0CVS383MK,Nasher Miles,"Nasher Miles Paris Hardshell-Sided Polypropylene Check-in Luggage Avacado Green 24 Inch |65Cm 8 Wheel Inline Trolley Bag, Medium",2949.0,15995.0,81.6,4.3,2002,medium,https://www.amazon.in/dp/B0CVS383MK
B0F5HP8Z3M,Nasher Miles,American Tourister Liftoff+ | Medium Size Check-in Trolley Bag (67 cm) for Travel | 360° 8 Wheel Travel Luggage | Hard Case Polypropylene (PP) Suitcase | Mounted TSA Lock | Spa Blue,3299.0,8600.0,61.6,4.1,2285,medium,https://www.amazon.in/dp/B0F5HP8Z3M
B0C6TS2FF6,Nasher Miles,DELSEY PARIS Tiphanie 76 cms Large Check-in Polycarbonate Hardsided 8 Wheels Spinner Luggage/Suitcase/Trolley Bag for Travel with TSA Lock- Graphite Black,5299.0,18500.0,71.4,4.1,477,large,https://www.amazon.in/dp/B0C6TS2FF6
B0DSJGQYGD,Nasher Miles,"FUR JADEN The Voyager 65cm German Polycarbonate Travel Luggage Check-in ZIPLESS Suitcase with 8 StealthTech Silent Wheels, Double TSA Locks & Aerospace Grade Wide Trolley (Stark Black, Medium 24"")",7999.0,13000.0,38.5,4.3,56,medium,https://www.amazon.in/dp/B0DSJGQYGD
B0D47KQ81Z,Nasher Miles,Nasher Miles Springfield Hard-Sided Polypropylene Check-in Luggage 28 inch | 75cm | 8 Wheels Large Trolley Bag for Travel | Suitcase (Cool Mint),2749.0,16995.0,83.8,3.7,66,large,https://www.amazon.in/dp/B0D47KQ81Z
B0D9VV7G4Z,Nasher Miles,Nasher Miles Polypropylene 360 Degree Paris Hard-Sided Check-in Luggage 28 inch | 75cm | 8 Wheels Large Trolley Bag for Travel | Suitcase (Navy Blue),3499.0,17995.0,80.6,4.3,2002,large,https://www.amazon.in/dp/B0D9VV7G4Z
B09G6ZFJPX,Nasher Miles,Nasher Miles Polypropylene 360 Degree Paris Hard-Sided Check-in Luggage 28 inch | 75cm | 8 Wheels Large Trolley Bag for Travel | Suitcase (Dark Green),3449.0,17995.0,80.8,4.3,2002,large,https://www.amazon.in/dp/B09G6ZFJPX
B09G74MNFL,Nasher Miles,Nasher Miles Paris Hard-Sided Polypropylene Cabin Luggage 20 inch | 55cm | 8 Wheels Double Spinner Small Trolley Bag for Travel | Suitcase (Navy Blue),2699.0,13995.0,80.7,4.3,2002,cabin,https://www.amazon.in/dp/B09G74MNFL
B07W5L2XV3,Nasher Miles,Nasher Miles Berlin Expander Soft-Sided Polyester Cabin Luggage 20 inch | 55cm | 8 Wheels Small Trolley Bag for Travel | Suitcase (Black),3999.0,13995.0,71.4,4.1,490,cabin,https://www.amazon.in/dp/B07W5L2XV3
B0FFBBFDRN,Safari,"Skybags Streax | Cabin Trolley Bag, 55 Cm, Small Hardside Luggage | 8 Wheels, Combination Lock | Polypropylene | Suitcase for Travel | 5 Year International Warranty | Coral",1799.0,6000.0,70.0,4.1,396,cabin,https://www.amazon.in/dp/B0FFBBFDRN
B0FFBBZT6M,Safari,"Skybags Streax | Check-in Trolley Bag, 76 Cm, Large Hardside Luggage | 8 Wheels Spinner, Combination Lock | Polypropylene | Suitcase for Travel | 5 Year International Warranty | Coral",2699.0,9000.0,70.0,4.1,396,large,https://www.amazon.in/dp/B0FFBBZT6M
B0FFB9M337,Safari,"Skybags Streax | Check-in Trolley Bag, 76 Cm, Large Hardside Luggage | 8 Wheels Spinner, Combination Lock | Polypropylene | Suitcase for Travel | 5 Year International Warranty | Black",2699.0,9000.0,70.0,4.1,396,large,https://www.amazon.in/dp/B0FFB9M337
B0G1K2SVV4,Safari,"Safari 8 Wheels, Anti-Theft Zipper (Check-in) Polycarbonate Trolley Spinner Luggage Large (Cooper 76CM Blue)",3600.0,4500.0,20.0,4.5,2,large,https://www.amazon.in/dp/B0G1K2SVV4
B097BG27MD,Safari,"Safari Pentagon Pro 8 Wheels 55Cm Cabin Trolley Bag Hard Case Polypropylene, 360º Wheeling Carry On Luggage for Men & Women, Travel Suitcase, Cyan",1869.0,8999.0,79.2,4.2,33925,cabin,https://www.amazon.in/dp/B097BG27MD
B0FLYGLKYQ,Safari,"Safari Genius Alley Set of 3 (Cabin + Medium + Large) Trolley Bags Hard Case Polypropylene, 4 Wheels, 360 Degree Wheeling Luggage, Suitcase for Travel, Trolley Bags for Travel, Flintstone",4199.0,27997.0,85.0,4.0,5612,cabin,https://www.amazon.in/dp/B0FLYGLKYQ
B0F9FMQZWN,Safari,"Safari Astra Neo 8 Wheels 56cm Cabin Size Trolley Bag, Hard Case Polycarbonate, 360 Degree Wheeling Carry-on Luggage for Men & Women, Travel Bag, Suitcase for Travel, Trolley Bag for Travel, Champagne",2099.0,8999.0,76.7,4.1,1580,cabin,https://www.amazon.in/dp/B0F9FMQZWN
B0FLYJQLQQ,Safari,"Safari Genius Alley 55cm Cabin Trolley Bag Hard Case Polypropylene, 4 Spinner Wheels, 360 Degree Wheeling Carry on Luggage, Travel Bag, Suitcase, Trolley Bags, Deep Forrest",1499.0,6999.0,78.6,4.0,5612,cabin,https://www.amazon.in/dp/B0FLYJQLQQ
B097JMXLT9,Safari,"Safari Medium Thorium Neo 8 Wheels 66 Cm Check-in Trolley Bag Hard Case Polycarbonate 360 Degree Wheeling System Luggage, Trolley Bags for Travel, Suitcase for Travel, Graphite Blue",2699.0,9800.0,72.5,4.0,28126,medium,https://www.amazon.in/dp/B097JMXLT9
B097JMCG1B,Safari,"Safari Medium Thorium Neo 8 Wheels 55,66 and 77 Cm Small, and Large 4 Wheel Inline 3 Trolley Bags Polycarbonate 360 Degree Wheeling System Luggage,4 Wheel Inline Trolley Bags,Graphite Blue",5259.0,29100.0,81.9,4.0,28126,medium,https://www.amazon.in/dp/B097JMCG1B
B097GSSCLC,Safari,"Safari Pentagon Pro 8 Wheels 55cm Cabin Size Trolley Bag, Hard Case Polypropylene, 360º Wheeling Small Carry-on Luggage, Suitcase for Travel, Trolley Bags for Travel, Luxury Beige",1699.0,8999.0,81.1,4.2,33925,cabin,https://www.amazon.in/dp/B097GSSCLC
B0BV7HCF28,Safari,uppercase JFK (Large) 76Cm|Hardshellsided Check-in Inline Trolley Bag for Travel|Eco Polycarbonate Printed Luggage|Combination Lock|8 Wheel Inline Trolley Bag||(Denim Blue),4200.0,7000.0,40.0,4.3,1113,large,https://www.amazon.in/dp/B0BV7HCF28
B0FFBBFDRN,Skybags,"Skybags Streax | Cabin Trolley Bag, 55 Cm, Small Hardside Luggage | 8 Wheels, Combination Lock | Polypropylene | Suitcase for Travel | 5 Year International Warranty | Coral",1799.0,6000.0,70.0,4.1,396,cabin,https://www.amazon.in/dp/B0FFBBFDRN
B0FFBBZT6M,Skybags,"Skybags Streax | Check-in Trolley Bag, 76 Cm, Large Hardside Luggage | 8 Wheels Spinner, Combination Lock | Polypropylene | Suitcase for Travel | 5 Year International Warranty | Coral",2699.0,9000.0,70.0,4.1,396,large,https://www.amazon.in/dp/B0FFBBZT6M
B0FFB9M337,Skybags,"Skybags Streax | Check-in Trolley Bag, 76 Cm, Large Hardside Luggage | 8 Wheels Spinner, Combination Lock | Polypropylene | Suitcase for Travel | 5 Year International Warranty | Black",2699.0,9000.0,70.0,4.1,396,large,https://www.amazon.in/dp/B0FFB9M337
B0F5HLYQK3,Skybags,American Tourister Liftoff+ | Large Size Check-in Trolley Bag (79 cm) for Travel | 360° 8 Wheel Travel Luggage | Hard Case Polypropylene (PP) Suitcase | Mounted TSA Lock | Seafoam Blue,3799.0,9800.0,61.2,4.1,2285,large,https://www.amazon.in/dp/B0F5HLYQK3
B0FFBD54QX,Skybags,"Skybags Streax | Check-in Trolley Bag, 66 Cm, Medium Hardside Luggage | 8 Wheels, Combination Lock | Polypropylene | Suitcase for Travel | 5 Year International Warranty | Black| Spinner Wheel",2249.0,7500.0,70.0,4.1,396,medium,https://www.amazon.in/dp/B0FFBD54QX
B0FPXLMRCG,Skybags,Aristocrat Atlas Cabin Trolley Bag 55cm | Small | Hard Luggage | Smooth 8-Wheel Suitcase | Secure Combination Lock with Sturdy Zipper | Full Fabric Convipack | 3-Year Warranty (Pearl White),1579.0,6790.0,76.7,4.0,1169,cabin,https://www.amazon.in/dp/B0FPXLMRCG
B0DSJGQYGD,Skybags,"FUR JADEN The Voyager 65cm German Polycarbonate Travel Luggage Check-in ZIPLESS Suitcase with 8 StealthTech Silent Wheels, Double TSA Locks & Aerospace Grade Wide Trolley (Stark Black, Medium 24"")",7999.0,13000.0,38.5,4.3,56,medium,https://www.amazon.in/dp/B0DSJGQYGD
B07HCRSLFY,Skybags,Skybags Rubik Polyester 78 Cms Softsided Large check-in luggage,3099.0,9050.0,65.8,4.3,18960,large,https://www.amazon.in/dp/B07HCRSLFY
B0C8ZY4579,Skybags,"Skybags Cabin Stroke Abs Hardshell Luggage (55 Cm) | Printed Luggage 4 Wheel Inline Trolley Bag with 8 Wheels and in-Built Combination Lock | Unisex, Blue and White, Small",1649.0,4450.0,62.9,4.2,2487,cabin,https://www.amazon.in/dp/B0C8ZY4579
B0CPSW5WJ5,Skybags,Skybags Cabin Paratrip Hard Luggage (55 cm) | Polypropylene Luggage Trolley with 8 Spinner Wheels| Purple Oppulence | Unisex,1699.0,7060.0,75.9,4.4,780,cabin,https://www.amazon.in/dp/B0CPSW5WJ5
B097GSSCLC,Skybags,"Safari Pentagon Pro 8 Wheels 55cm Cabin Size Trolley Bag, Hard Case Polypropylene, 360º Wheeling Small Carry-on Luggage, Suitcase for Travel, Trolley Bags for Travel, Luxury Beige",1699.0,8999.0,81.1,4.2,33925,cabin,https://www.amazon.in/dp/B097GSSCLC
B0BV7HHF3W,Skybags,uppercase Polycarbonate JFK (Large) 76cm | Hardsided Check-in Trolley Bag for Travel Spinner Luggage | 8 Wheel Trolley Bag |Suitcase for Unisex |2000 Days Warranty (Teal Blue),4200.0,7000.0,40.0,4.3,1113,large,https://www.amazon.in/dp/B0BV7HHF3W
B0FFBBFDRN,VIP,"Skybags Streax | Cabin Trolley Bag, 55 Cm, Small Hardside Luggage | 8 Wheels, Combination Lock | Polypropylene | Suitcase for Travel | 5 Year International Warranty | Coral",1799.0,6000.0,70.0,4.1,396,cabin,https://www.amazon.in/dp/B0FFBBFDRN
B0FFBBZT6M,VIP,"Skybags Streax | Check-in Trolley Bag, 76 Cm, Large Hardside Luggage | 8 Wheels Spinner, Combination Lock | Polypropylene | Suitcase for Travel | 5 Year International Warranty | Coral",2699.0,9000.0,70.0,4.1,396,large,https://www.amazon.in/dp/B0FFBBZT6M
B0FFB9M337,VIP,"Skybags Streax | Check-in Trolley Bag, 76 Cm, Large Hardside Luggage | 8 Wheels Spinner, Combination Lock | Polypropylene | Suitcase for Travel | 5 Year International Warranty | Black",2699.0,9000.0,70.0,4.1,396,large,https://www.amazon.in/dp/B0FFB9M337
B0F5HLYQK3,VIP,American Tourister Liftoff+ | Large Size Check-in Trolley Bag (79 cm) for Travel | 360° 8 Wheel Travel Luggage | Hard Case Polypropylene (PP) Suitcase | Mounted TSA Lock | Seafoam Blue,3799.0,9800.0,61.2,4.1,2285,large,https://www.amazon.in/dp/B0F5HLYQK3
B0DSJGQYGD,VIP,"FUR JADEN The Voyager 65cm German Polycarbonate Travel Luggage Check-in ZIPLESS Suitcase with 8 StealthTech Silent Wheels, Double TSA Locks & Aerospace Grade Wide Trolley (Stark Black, Medium 24"")",7999.0,13000.0,38.5,4.3,56,medium,https://www.amazon.in/dp/B0DSJGQYGD
B09M8PZYSF,VIP,"VIP Widget Durable Polyester Soft Sided Check-in Luggage Spinner Wheels with Quick Access Front Pockets (Medium, 69cm, Blue)",2369.0,9240.0,74.4,4.2,1128,medium,https://www.amazon.in/dp/B09M8PZYSF
B0F4K9VLQ8,VIP,VIP Lexus Check-in Trolley Bag 76cm | Large | Hard Luggage | Smooth 8-Wheel Suitcase | Flushed TSA Lock with Anti-Theft Zipper | Robust Polypropylene Shell | 5 Years International Warranty (Mustard),7700.0,17180.0,55.2,4.4,20,large,https://www.amazon.in/dp/B0F4K9VLQ8
B0CBTZP3CL,VIP,"VIP Unicorn Nxt 8W Str 80 Cm | Check-in Polyester Soft Sided 8 Wheels Spinner Trolleys (Blue, Large)",3029.0,14990.0,79.8,3.7,21,large,https://www.amazon.in/dp/B0CBTZP3CL
B0C8ZY4579,VIP,"Skybags Cabin Stroke Abs Hardshell Luggage (55 Cm) | Printed Luggage 4 Wheel Inline Trolley Bag with 8 Wheels and in-Built Combination Lock | Unisex, Blue and White, Small",1649.0,4450.0,62.9,4.2,2487,cabin,https://www.amazon.in/dp/B0C8ZY4579
B0FC6QHR4T,VIP,Aristocrat Polycarbonate Spinner Comet Cabin Trolley Bag 56cm|Small|Hard Luggage| Smooth 8-Wheel Suitcase|Combination Lock with Sturdy Zipper|Full Fabric Convipack|3-Year International Warranty (Blue),1439.0,7990.0,82.0,4.1,2466,cabin,https://www.amazon.in/dp/B0FC6QHR4T
B0F5HP8Z3M,VIP,American Tourister Liftoff+ | Medium Size Check-in Trolley Bag (67 cm) for Travel | 360° 8 Wheel Travel Luggage | Hard Case Polypropylene (PP) Suitcase | Mounted TSA Lock | Spa Blue,3299.0,8600.0,61.6,4.1,2285,medium,https://www.amazon.in/dp/B0F5HP8Z3M
B08436VD1D,VIP,DELSEY PARIS Belmont Plus 55 cms Small Cabin Polypropylene Hard-Sided 8 Wheels Spinner and Expandable Luggage/Suitcase/Trolley Bag for Travel with ®SECURI TECH Zip- Black,6927.0,16000.0,56.7,4.2,471,cabin,https://www.amazon.in/dp/B08436VD1D
