product,review
"Skybags Streax | Cabin Trolley Bag, 55 Cm, Small Hardside Luggage | 8 Wheels, Combination Lock | Polypropylene | Suitcase for Travel | 5 Year International Warranty | Coral",Nothing special but decent
"Skybags Streax | Cabin Trolley Bag, 55 Cm, Small Hardside Luggage | 8 Wheels, Combination Lock | Polypropylene | Suitcase for Travel | 5 Year International Warranty | Coral",Okay for occasional use
"Skybags Streax | Cabin Trolley Bag, 55 Cm, Small Hardside Luggage | 8 Wheels, Combination Lock | Polypropylene | Suitcase for Travel | 5 Year International Warranty | Coral",Meets expectations
"Skybags Streax | Cabin Trolley Bag, 55 Cm, Small Hardside Luggage | 8 Wheels, Combination Lock | Polypropylene | Suitcase for Travel | 5 Year International Warranty | Coral",Okay for occasional use
"Skybags Streax | Cabin Trolley Bag, 55 Cm, Small Hardside Luggage | 8 Wheels, Combination Lock | Polypropylene | Suitcase for Travel | 5 Year International Warranty | Coral",Wheels broke after few uses
"Skybags Streax | Cabin Trolley Bag, 55 Cm, Small Hardside Luggage | 8 Wheels, Combination Lock | Polypropylene | Suitcase for Travel | 5 Year International Warranty | Coral",Not satisfied with the build quality
"Skybags Streax | Check-in Trolley Bag, 76 Cm, Large Hardside Luggage | 8 Wheels Spinner, Combination Lock | Polypropylene | Suitcase for Travel | 5 Year International Warranty | Coral","Perfect for travel, loved it"
"Skybags Streax | Check-in Trolley Bag, 76 Cm, Large Hardside Luggage | 8 Wheels Spinner, Combination Lock | Polypropylene | Suitcase for Travel | 5 Year International Warranty | Coral",Not satisfied with the build quality
"Skybags Streax | Check-in Trolley Bag, 76 Cm, Large Hardside Luggage | 8 Wheels Spinner, Combination Lock | Polypropylene | Suitcase for Travel | 5 Year International Warranty | Coral","Worth the price, highly recommended"
"Skybags Streax | Check-in Trolley Bag, 76 Cm, Large Hardside Luggage | 8 Wheels Spinner, Combination Lock | Polypropylene | Suitcase for Travel | 5 Year International Warranty | Coral",Okay for occasional use
"Skybags Streax | Check-in Trolley Bag, 76 Cm, Large Hardside Luggage | 8 Wheels Spinner, Combination Lock | Polypropylene | Suitcase for Travel | 5 Year International Warranty | Coral",Wheels broke after few uses
"Skybags Streax | Check-in Trolley Bag, 76 Cm, Large Hardside Luggage | 8 Wheels Spinner, Combination Lock | Polypropylene | Suitcase for Travel | 5 Year International Warranty | Coral",Smooth wheels and stylish design
"Skybags Streax | Check-in Trolley Bag, 76 Cm, Large Hardside Luggage | 8 Wheels Spinner, Combination Lock | Polypropylene | Suitcase for Travel | 5 Year International Warranty | Black",Too expensive for the quality
"Skybags Streax | Check-in Trolley Bag, 76 Cm, Large Hardside Luggage | 8 Wheels Spinner, Combination Lock | Polypropylene | Suitcase for Travel | 5 Year International Warranty | Black","Worth the price, highly recommended"
"Skybags Streax | Check-in Trolley Bag, 76 Cm, Large Hardside Luggage | 8 Wheels Spinner, Combination Lock | Polypropylene | Suitcase for Travel | 5 Year International Warranty | Black",Very spacious and sturdy
"Skybags Streax | Check-in Trolley Bag, 76 Cm, Large Hardside Luggage | 8 Wheels Spinner, Combination Lock | Polypropylene | Suitcase for Travel | 5 Year International Warranty | Black",Wheels broke after few uses
"Skybags Streax | Check-in Trolley Bag, 76 Cm, Large Hardside Luggage | 8 Wheels Spinner, Combination Lock | Polypropylene | Suitcase for Travel | 5 Year International Warranty | Black",Fine for short trips
"Skybags Streax | Check-in Trolley Bag, 76 Cm, Large Hardside Luggage | 8 Wheels Spinner, Combination Lock | Polypropylene | Suitcase for Travel | 5 Year International Warranty | Black",Not satisfied with the build quality
American Tourister Liftoff+ | Large Size Check-in Trolley Bag (79 cm) for Travel | 360° 8 Wheel Travel Luggage | Hard Case Polypropylene (PP) Suitcase | Mounted TSA Lock | Seafoam Blue,Excellent quality and very durable
American Tourister Liftoff+ | Large Size Check-in Trolley Bag (79 cm) for Travel | 360° 8 Wheel Travel Luggage | Hard Case Polypropylene (PP) Suitcase | Mounted TSA Lock | Seafoam Blue,Fine for short trips
American Tourister Liftoff+ | Large Size Check-in Trolley Bag (79 cm) for Travel | 360° 8 Wheel Travel Luggage | Hard Case Polypropylene (PP) Suitcase | Mounted TSA Lock | Seafoam Blue,Okay for occasional use
American Tourister Liftoff+ | Large Size Check-in Trolley Bag (79 cm) for Travel | 360° 8 Wheel Travel Luggage | Hard Case Polypropylene (PP) Suitcase | Mounted TSA Lock | Seafoam Blue,Wheels broke after few uses
American Tourister Liftoff+ | Large Size Check-in Trolley Bag (79 cm) for Travel | 360° 8 Wheel Travel Luggage | Hard Case Polypropylene (PP) Suitcase | Mounted TSA Lock | Seafoam Blue,"Perfect for travel, loved it"
American Tourister Liftoff+ | Large Size Check-in Trolley Bag (79 cm) for Travel | 360° 8 Wheel Travel Luggage | Hard Case Polypropylene (PP) Suitcase | Mounted TSA Lock | Seafoam Blue,"Worth the price, highly recommended"
"American Tourister Medium Trolley Bag for Travel | Upland Spinner 68 Cms Polypropylene Hardsided Check-in Luggage Bag | Suitcase for Travel | Trolley Bag for Travelling, Black",Very spacious and sturdy
"American Tourister Medium Trolley Bag for Travel | Upland Spinner 68 Cms Polypropylene Hardsided Check-in Luggage Bag | Suitcase for Travel | Trolley Bag for Travelling, Black","Perfect for travel, loved it"
"American Tourister Medium Trolley Bag for Travel | Upland Spinner 68 Cms Polypropylene Hardsided Check-in Luggage Bag | Suitcase for Travel | Trolley Bag for Travelling, Black",Fine for short trips
"American Tourister Medium Trolley Bag for Travel | Upland Spinner 68 Cms Polypropylene Hardsided Check-in Luggage Bag | Suitcase for Travel | Trolley Bag for Travelling, Black",Fine for short trips
Aristocrat Atlas Check-in Trolley Bag 66cm | Medium | Hard Luggage | Smooth 8-Wheel Suitcase | Secure Combination Lock with Sturdy Zipper | Full Fabric Convipack | 3-Year Warranty (Pearl White),Not satisfied with the build quality
Aristocrat Atlas Check-in Trolley Bag 66cm | Medium | Hard Luggage | Smooth 8-Wheel Suitcase | Secure Combination Lock with Sturdy Zipper | Full Fabric Convipack | 3-Year Warranty (Pearl White),Okay for occasional use
Aristocrat Atlas Check-in Trolley Bag 66cm | Medium | Hard Luggage | Smooth 8-Wheel Suitcase | Secure Combination Lock with Sturdy Zipper | Full Fabric Convipack | 3-Year Warranty (Pearl White),"Worth the price, highly recommended"
Aristocrat Atlas Check-in Trolley Bag 66cm | Medium | Hard Luggage | Smooth 8-Wheel Suitcase | Secure Combination Lock with Sturdy Zipper | Full Fabric Convipack | 3-Year Warranty (Pearl White),Very spacious and sturdy
Aristocrat Atlas Check-in Trolley Bag 66cm | Medium | Hard Luggage | Smooth 8-Wheel Suitcase | Secure Combination Lock with Sturdy Zipper | Full Fabric Convipack | 3-Year Warranty (Pearl White),Color faded quickly
"FUR JADEN The Voyager 65cm German Polycarbonate Travel Luggage Check-in ZIPLESS Suitcase with 8 StealthTech Silent Wheels, Double TSA Locks & Aerospace Grade Wide Trolley (Stark Black, Medium 24"")",Smooth wheels and stylish design
"FUR JADEN The Voyager 65cm German Polycarbonate Travel Luggage Check-in ZIPLESS Suitcase with 8 StealthTech Silent Wheels, Double TSA Locks & Aerospace Grade Wide Trolley (Stark Black, Medium 24"")",Meets expectations
"FUR JADEN The Voyager 65cm German Polycarbonate Travel Luggage Check-in ZIPLESS Suitcase with 8 StealthTech Silent Wheels, Double TSA Locks & Aerospace Grade Wide Trolley (Stark Black, Medium 24"")",Nothing special but decent
"FUR JADEN The Voyager 65cm German Polycarbonate Travel Luggage Check-in ZIPLESS Suitcase with 8 StealthTech Silent Wheels, Double TSA Locks & Aerospace Grade Wide Trolley (Stark Black, Medium 24"")",Nothing special but decent
American Tourister Liftoff+ | Large Size Check-in Trolley Bag (79 cm) for Travel | 360° 8 Wheel Travel Luggage | Hard Case Polypropylene (PP) Suitcase | Mounted TSA Lock | Berry Blast,"Average product, does the job"
American Tourister Liftoff+ | Large Size Check-in Trolley Bag (79 cm) for Travel | 360° 8 Wheel Travel Luggage | Hard Case Polypropylene (PP) Suitcase | Mounted TSA Lock | Berry Blast,Very spacious and sturdy
American Tourister Liftoff+ | Large Size Check-in Trolley Bag (79 cm) for Travel | 360° 8 Wheel Travel Luggage | Hard Case Polypropylene (PP) Suitcase | Mounted TSA Lock | Berry Blast,Wheels broke after few uses
"American Tourister Polyester Harp Duffle Bag 62 Cm Grey, 62 x 32 x 29 Centimeters","Perfect for travel, loved it"
"American Tourister Polyester Harp Duffle Bag 62 Cm Grey, 62 x 32 x 29 Centimeters",Meets expectations
"American Tourister Polyester Harp Duffle Bag 62 Cm Grey, 62 x 32 x 29 Centimeters",Meets expectations
Kamiliant American Tourister Harrier | Trolley Bag Check-in Large Size (79 cms) for Travel| Hard Case Polypropylene (PP) Suitcase | 360° 4-Wheel Luggage Trolley | Combination Lock | Slate Grey,Color faded quickly
Kamiliant American Tourister Harrier | Trolley Bag Check-in Large Size (79 cms) for Travel| Hard Case Polypropylene (PP) Suitcase | 360° 4-Wheel Luggage Trolley | Combination Lock | Slate Grey,Nothing special but decent
Kamiliant American Tourister Harrier | Trolley Bag Check-in Large Size (79 cms) for Travel| Hard Case Polypropylene (PP) Suitcase | 360° 4-Wheel Luggage Trolley | Combination Lock | Slate Grey,Meets expectations
Kamiliant American Tourister Harrier | Trolley Bag Check-in Large Size (79 cms) for Travel| Hard Case Polypropylene (PP) Suitcase | 360° 4-Wheel Luggage Trolley | Combination Lock | Slate Grey,Handle feels weak
American Tourister Robotech | Large Size Check-in Trolley Bag (77 cm) | 360° 8 Wheel Travel Luggage | Hard Case Polycarbonate (PC) Suitcase | Recessed TSA Lock | Cadet Blue,Smooth wheels and stylish design
American Tourister Robotech | Large Size Check-in Trolley Bag (77 cm) | 360° 8 Wheel Travel Luggage | Hard Case Polycarbonate (PC) Suitcase | Recessed TSA Lock | Cadet Blue,Wheels broke after few uses
American Tourister Robotech | Large Size Check-in Trolley Bag (77 cm) | 360° 8 Wheel Travel Luggage | Hard Case Polycarbonate (PC) Suitcase | Recessed TSA Lock | Cadet Blue,Meets expectations
uppercase Polycarbonate JFK (Large) 76cm | Hardsided Check-in Trolley Bag for Travel Spinner Luggage | 8 Wheel Trolley Bag |Suitcase for Unisex |2000 Days Warranty (Teal Blue),"Perfect for travel, loved it"
uppercase Polycarbonate JFK (Large) 76cm | Hardsided Check-in Trolley Bag for Travel Spinner Luggage | 8 Wheel Trolley Bag |Suitcase for Unisex |2000 Days Warranty (Teal Blue),Too expensive for the quality
uppercase Polycarbonate JFK (Large) 76cm | Hardsided Check-in Trolley Bag for Travel Spinner Luggage | 8 Wheel Trolley Bag |Suitcase for Unisex |2000 Days Warranty (Teal Blue),Color faded quickly
"Skybags Streax | Cabin Trolley Bag, 55 Cm, Small Hardside Luggage | 8 Wheels, Combination Lock | Polypropylene | Suitcase for Travel | 5 Year International Warranty | Coral",Excellent quality and very durable
"Skybags Streax | Cabin Trolley Bag, 55 Cm, Small Hardside Luggage | 8 Wheels, Combination Lock | Polypropylene | Suitcase for Travel | 5 Year International Warranty | Coral",Too expensive for the quality
"Skybags Streax | Cabin Trolley Bag, 55 Cm, Small Hardside Luggage | 8 Wheels, Combination Lock | Polypropylene | Suitcase for Travel | 5 Year International Warranty | Coral",Not satisfied with the build quality
"Skybags Streax | Cabin Trolley Bag, 55 Cm, Small Hardside Luggage | 8 Wheels, Combination Lock | Polypropylene | Suitcase for Travel | 5 Year International Warranty | Coral","Worth the price, highly recommended"
"Skybags Streax | Cabin Trolley Bag, 55 Cm, Small Hardside Luggage | 8 Wheels, Combination Lock | Polypropylene | Suitcase for Travel | 5 Year International Warranty | Coral",Meets expectations
"Skybags Streax | Check-in Trolley Bag, 76 Cm, Large Hardside Luggage | 8 Wheels Spinner, Combination Lock | Polypropylene | Suitcase for Travel | 5 Year International Warranty | Coral",Smooth wheels and stylish design
"Skybags Streax | Check-in Trolley Bag, 76 Cm, Large Hardside Luggage | 8 Wheels Spinner, Combination Lock | Polypropylene | Suitcase for Travel | 5 Year International Warranty | Coral",Smooth wheels and stylish design
"Skybags Streax | Check-in Trolley Bag, 76 Cm, Large Hardside Luggage | 8 Wheels Spinner, Combination Lock | Polypropylene | Suitcase for Travel | 5 Year International Warranty | Coral",Color faded quickly
"Skybags Streax | Check-in Trolley Bag, 76 Cm, Large Hardside Luggage | 8 Wheels Spinner, Combination Lock | Polypropylene | Suitcase for Travel | 5 Year International Warranty | Coral",Too expensive for the quality
"Skybags Streax | Check-in Trolley Bag, 76 Cm, Large Hardside Luggage | 8 Wheels Spinner, Combination Lock | Polypropylene | Suitcase for Travel | 5 Year International Warranty | Black",Too expensive for the quality
"Skybags Streax | Check-in Trolley Bag, 76 Cm, Large Hardside Luggage | 8 Wheels Spinner, Combination Lock | Polypropylene | Suitcase for Travel | 5 Year International Warranty | Black",Color faded quickly
"Skybags Streax | Check-in Trolley Bag, 76 Cm, Large Hardside Luggage | 8 Wheels Spinner, Combination Lock | Polypropylene | Suitcase for Travel | 5 Year International Warranty | Black","Perfect for travel, loved it"
"Skybags Streax | Check-in Trolley Bag, 76 Cm, Large Hardside Luggage | 8 Wheels Spinner, Combination Lock | Polypropylene | Suitcase for Travel | 5 Year International Warranty | Black",Excellent quality and very durable
Aristocrat Polycarbonate Spinner Comet Cabin Trolley Bag 56cm|Small|Hard Luggage| Smooth 8-Wheel Suitcase|Combination Lock with Sturdy Zipper|Full Fabric Convipack|3-Year International Warranty (Grey),Too expensive for the quality
Aristocrat Polycarbonate Spinner Comet Cabin Trolley Bag 56cm|Small|Hard Luggage| Smooth 8-Wheel Suitcase|Combination Lock with Sturdy Zipper|Full Fabric Convipack|3-Year International Warranty (Grey),Meets expectations
Aristocrat Polycarbonate Spinner Comet Cabin Trolley Bag 56cm|Small|Hard Luggage| Smooth 8-Wheel Suitcase|Combination Lock with Sturdy Zipper|Full Fabric Convipack|3-Year International Warranty (Grey),"Average product, does the job"
Aristocrat Atlas Check-in Trolley Bag 66cm | Medium | Hard Luggage | Smooth 8-Wheel Suitcase | Secure Combination Lock with Sturdy Zipper | Full Fabric Convipack | 3-Year Warranty (Teal Blue),"Worth the price, highly recommended"
Aristocrat Atlas Check-in Trolley Bag 66cm | Medium | Hard Luggage | Smooth 8-Wheel Suitcase | Secure Combination Lock with Sturdy Zipper | Full Fabric Convipack | 3-Year Warranty (Teal Blue),"Average product, does the job"
Aristocrat Atlas Check-in Trolley Bag 66cm | Medium | Hard Luggage | Smooth 8-Wheel Suitcase | Secure Combination Lock with Sturdy Zipper | Full Fabric Convipack | 3-Year Warranty (Teal Blue),Color faded quickly
Aristocrat Atlas Check-in Trolley Bag 66cm | Medium | Hard Luggage | Smooth 8-Wheel Suitcase | Secure Combination Lock with Sturdy Zipper | Full Fabric Convipack | 3-Year Warranty (Teal Blue),Wheels broke after few uses
Aristocrat Atlas Check-in Trolley Bag 66cm | Medium | Hard Luggage | Smooth 8-Wheel Suitcase | Secure Combination Lock with Sturdy Zipper | Full Fabric Convipack | 3-Year Warranty (Teal Blue),"Average product, does the job"
Aristocrat Atlas Check-in Trolley Bag 66cm | Medium | Hard Luggage | Smooth 8-Wheel Suitcase | Secure Combination Lock with Sturdy Zipper | Full Fabric Convipack | 3-Year Warranty (Teal Blue),Not satisfied with the build quality
"Aristocrat Liberty Set of 2 (Cabin+Medium) Trolley Bag, 58+68Cm | Combination Lock | 8 Wheels | 3 Years International Warranty | Spanish Blue",Wheels broke after few uses
"Aristocrat Liberty Set of 2 (Cabin+Medium) Trolley Bag, 58+68Cm | Combination Lock | 8 Wheels | 3 Years International Warranty | Spanish Blue",Very spacious and sturdy
"Aristocrat Liberty Set of 2 (Cabin+Medium) Trolley Bag, 58+68Cm | Combination Lock | 8 Wheels | 3 Years International Warranty | Spanish Blue",Not satisfied with the build quality
"Aristocrat Liberty Set of 2 (Cabin+Medium) Trolley Bag, 58+68Cm | Combination Lock | 8 Wheels | 3 Years International Warranty | Spanish Blue",Wheels broke after few uses
"Aristocrat Liberty Set of 2 (Cabin+Medium) Trolley Bag, 58+68Cm | Combination Lock | 8 Wheels | 3 Years International Warranty | Spanish Blue",Handle feels weak
"Aristocrat Liberty Set of 2 (Cabin+Medium) Trolley Bag, 58+68Cm | Combination Lock | 8 Wheels | 3 Years International Warranty | Spanish Blue",Very spacious and sturdy
American Tourister Liftoff+ | Medium Size Check-in Trolley Bag (67 cm) for Travel | 360° 8 Wheel Travel Luggage | Hard Case Polypropylene (PP) Suitcase | Mounted TSA Lock | Spa Blue,"Perfect for travel, loved it"
American Tourister Liftoff+ | Medium Size Check-in Trolley Bag (67 cm) for Travel | 360° 8 Wheel Travel Luggage | Hard Case Polypropylene (PP) Suitcase | Mounted TSA Lock | Spa Blue,"Average product, does the job"
American Tourister Liftoff+ | Medium Size Check-in Trolley Bag (67 cm) for Travel | 360° 8 Wheel Travel Luggage | Hard Case Polypropylene (PP) Suitcase | Mounted TSA Lock | Spa Blue,Meets expectations
American Tourister Liftoff+ | Medium Size Check-in Trolley Bag (67 cm) for Travel | 360° 8 Wheel Travel Luggage | Hard Case Polypropylene (PP) Suitcase | Mounted TSA Lock | Spa Blue,"Worth the price, highly recommended"
"Aristocrat Liberty Set of 3 (Cabin+Medium+Large) Trolley Bag, 58+68+78Cm | Combination Lock | 8 Wheels | 3 Years International Warranty | New Saddle Brown",Handle feels weak
"Aristocrat Liberty Set of 3 (Cabin+Medium+Large) Trolley Bag, 58+68+78Cm | Combination Lock | 8 Wheels | 3 Years International Warranty | New Saddle Brown",Fine for short trips
"Aristocrat Liberty Set of 3 (Cabin+Medium+Large) Trolley Bag, 58+68+78Cm | Combination Lock | 8 Wheels | 3 Years International Warranty | New Saddle Brown",Not satisfied with the build quality
"Aristocrat Liberty Set of 3 (Cabin+Medium+Large) Trolley Bag, 58+68+78Cm | Combination Lock | 8 Wheels | 3 Years International Warranty | New Saddle Brown",Too expensive for the quality
"Aristocrat Comet Set of 2 Trolley Bag 56, 66cm | Small+Medium | Hard Luggage| Smooth 8-Wheel Suitcase| Combination Lock With Sturdy Zipper| Full Fabric Convipack | 3-year International Warranty (Grey)","Perfect for travel, loved it"
"Aristocrat Comet Set of 2 Trolley Bag 56, 66cm | Small+Medium | Hard Luggage| Smooth 8-Wheel Suitcase| Combination Lock With Sturdy Zipper| Full Fabric Convipack | 3-year International Warranty (Grey)",Very spacious and sturdy
"Aristocrat Comet Set of 2 Trolley Bag 56, 66cm | Small+Medium | Hard Luggage| Smooth 8-Wheel Suitcase| Combination Lock With Sturdy Zipper| Full Fabric Convipack | 3-year International Warranty (Grey)",Nothing special but decent
"Aristocrat Comet Set of 2 Trolley Bag 56, 66cm | Small+Medium | Hard Luggage| Smooth 8-Wheel Suitcase| Combination Lock With Sturdy Zipper| Full Fabric Convipack | 3-year International Warranty (Grey)",Nothing special but decent
"Aristocrat Comet Set of 2 Trolley Bag 56, 66cm | Small+Medium | Hard Luggage| Smooth 8-Wheel Suitcase| Combination Lock With Sturdy Zipper| Full Fabric Convipack | 3-year International Warranty (Grey)",Nothing special but decent
"Aristocrat Cabin Polypropylene Airpro 55 Cm(Small) 8 Spinner Wheels Trolley Bags for Travel Hard Case Luggage, Lightweight Bag with Combination Lock & Robust Trolley with 3 Years Warranty (Blue)","Perfect for travel, loved it"
"Aristocrat Cabin Polypropylene Airpro 55 Cm(Small) 8 Spinner Wheels Trolley Bags for Travel Hard Case Luggage, Lightweight Bag with Combination Lock & Robust Trolley with 3 Years Warranty (Blue)","Worth the price, highly recommended"
"Aristocrat Cabin Polypropylene Airpro 55 Cm(Small) 8 Spinner Wheels Trolley Bags for Travel Hard Case Luggage, Lightweight Bag with Combination Lock & Robust Trolley with 3 Years Warranty (Blue)",Wheels broke after few uses
"Aristocrat Cabin Polypropylene Airpro 55 Cm(Small) 8 Spinner Wheels Trolley Bags for Travel Hard Case Luggage, Lightweight Bag with Combination Lock & Robust Trolley with 3 Years Warranty (Blue)","Perfect for travel, loved it"
"Aristocrat Cabin Polypropylene Airpro 55 Cm(Small) 8 Spinner Wheels Trolley Bags for Travel Hard Case Luggage, Lightweight Bag with Combination Lock & Robust Trolley with 3 Years Warranty (Blue)",Color faded quickly
"Aristocrat Cabin Polypropylene Airpro 55 Cm(Small) 8 Spinner Wheels Trolley Bags for Travel Hard Case Luggage, Lightweight Bag with Combination Lock & Robust Trolley with 3 Years Warranty (Blue)",Too expensive for the quality
"Aristocrat Liberty Medium (Check-in) Trolley Bag, 68Cm | Combination Lock | 8 Wheels | 3 Years International Warranty | Jet Black, Polypropylene (PP), Hard, Spinner Wheel",Very spacious and sturdy
"Aristocrat Liberty Medium (Check-in) Trolley Bag, 68Cm | Combination Lock | 8 Wheels | 3 Years International Warranty | Jet Black, Polypropylene (PP), Hard, Spinner Wheel",Excellent quality and very durable
"Aristocrat Liberty Medium (Check-in) Trolley Bag, 68Cm | Combination Lock | 8 Wheels | 3 Years International Warranty | Jet Black, Polypropylene (PP), Hard, Spinner Wheel",Nothing special but decent
"Aristocrat Liberty Medium (Check-in) Trolley Bag, 68Cm | Combination Lock | 8 Wheels | 3 Years International Warranty | Jet Black, Polypropylene (PP), Hard, Spinner Wheel","Average product, does the job"
"Aristocrat Liberty Medium (Check-in) Trolley Bag, 68Cm | Combination Lock | 8 Wheels | 3 Years International Warranty | Jet Black, Polypropylene (PP), Hard, Spinner Wheel",Fine for short trips
"Aristocrat Liberty Medium (Check-in) Trolley Bag, 68Cm | Combination Lock | 8 Wheels | 3 Years International Warranty | Jet Black, Polypropylene (PP), Hard, Spinner Wheel",Handle feels weak
"Aristocrat Liberty Cabin (Carry-On) Trolley Bag, 58Cm | Combination Lock | 8 Wheels | 3 Years International Warranty | Spanish Blue, Polypropylene (PP), Hard, Spinner Wheel",Color faded quickly
"Aristocrat Liberty Cabin (Carry-On) Trolley Bag, 58Cm | Combination Lock | 8 Wheels | 3 Years International Warranty | Spanish Blue, Polypropylene (PP), Hard, Spinner Wheel",Okay for occasional use
"Aristocrat Liberty Cabin (Carry-On) Trolley Bag, 58Cm | Combination Lock | 8 Wheels | 3 Years International Warranty | Spanish Blue, Polypropylene (PP), Hard, Spinner Wheel",Wheels broke after few uses
Nasher Miles The Line Hard-Sided Polypropylene Check-in Luggage 28 inch | 75cm | 8 Wheels Large Trolley Bag for Travel | Suitcase (Black),Very spacious and sturdy
Nasher Miles The Line Hard-Sided Polypropylene Check-in Luggage 28 inch | 75cm | 8 Wheels Large Trolley Bag for Travel | Suitcase (Black),Too expensive for the quality
Nasher Miles The Line Hard-Sided Polypropylene Check-in Luggage 28 inch | 75cm | 8 Wheels Large Trolley Bag for Travel | Suitcase (Black),Okay for occasional use
Nasher Miles The Line Hard-Sided Polypropylene Check-in Luggage 28 inch | 75cm | 8 Wheels Large Trolley Bag for Travel | Suitcase (Black),Color faded quickly
Nasher Miles The Line Hard-Sided Polypropylene Check-in Luggage 28 inch | 75cm | 8 Wheels Large Trolley Bag for Travel | Suitcase (Black),"Worth the price, highly recommended"
Nasher Miles The Line Hard-Sided Polypropylene Luggage Set of 2 | 55cm & 65cm | 8 Wheels Small & Medium Trolley Bag for Travel | Suitcase (White),Excellent quality and very durable
Nasher Miles The Line Hard-Sided Polypropylene Luggage Set of 2 | 55cm & 65cm | 8 Wheels Small & Medium Trolley Bag for Travel | Suitcase (White),Very spacious and sturdy
Nasher Miles The Line Hard-Sided Polypropylene Luggage Set of 2 | 55cm & 65cm | 8 Wheels Small & Medium Trolley Bag for Travel | Suitcase (White),"Average product, does the job"
Nasher Miles The Line Hard-Sided Polypropylene Luggage Set of 2 | 55cm & 65cm | 8 Wheels Small & Medium Trolley Bag for Travel | Suitcase (White),Handle feels weak
Nasher Miles The Line Hard-Sided Polypropylene Luggage Set of 2 | 55cm & 65cm | 8 Wheels Small & Medium Trolley Bag for Travel | Suitcase (White),"Perfect for travel, loved it"
Nasher Miles The Line Hard-Sided Polypropylene Cabin Luggage 20 inch | 55cm | 8 Wheels Small Trolley Bag for Travel | Suitcase (Pink),Color faded quickly
Nasher Miles The Line Hard-Sided Polypropylene Cabin Luggage 20 inch | 55cm | 8 Wheels Small Trolley Bag for Travel | Suitcase (Pink),Nothing special but decent
Nasher Miles The Line Hard-Sided Polypropylene Cabin Luggage 20 inch | 55cm | 8 Wheels Small Trolley Bag for Travel | Suitcase (Pink),Not satisfied with the build quality
Nasher Miles The Line Hard-Sided Polypropylene Cabin Luggage 20 inch | 55cm | 8 Wheels Small Trolley Bag for Travel | Suitcase (Pink),Okay for occasional use
Nasher Miles The Line Hard-Sided Polypropylene Cabin Luggage 20 inch | 55cm | 8 Wheels Small Trolley Bag for Travel | Suitcase (Pink),"Perfect for travel, loved it"
Nasher Miles The Line Hard-Sided Polypropylene Cabin Luggage 20 inch | 55cm | 8 Wheels Small Trolley Bag for Travel | Suitcase (Pink),Too expensive for the quality
"Nasher Miles Paris Hardshell-Sided Polypropylene Check-in Luggage Avacado Green 24 Inch |65Cm 8 Wheel Inline Trolley Bag, Medium",Not satisfied with the build quality
"Nasher Miles Paris Hardshell-Sided Polypropylene Check-in Luggage Avacado Green 24 Inch |65Cm 8 Wheel Inline Trolley Bag, Medium",Excellent quality and very durable
"Nasher Miles Paris Hardshell-Sided Polypropylene Check-in Luggage Avacado Green 24 Inch |65Cm 8 Wheel Inline Trolley Bag, Medium",Wheels broke after few uses
"Nasher Miles Paris Hardshell-Sided Polypropylene Check-in Luggage Avacado Green 24 Inch |65Cm 8 Wheel Inline Trolley Bag, Medium",Very spacious and sturdy
American Tourister Liftoff+ | Medium Size Check-in Trolley Bag (67 cm) for Travel | 360° 8 Wheel Travel Luggage | Hard Case Polypropylene (PP) Suitcase | Mounted TSA Lock | Spa Blue,Handle feels weak
American Tourister Liftoff+ | Medium Size Check-in Trolley Bag (67 cm) for Travel | 360° 8 Wheel Travel Luggage | Hard Case Polypropylene (PP) Suitcase | Mounted TSA Lock | Spa Blue,Excellent quality and very durable
American Tourister Liftoff+ | Medium Size Check-in Trolley Bag (67 cm) for Travel | 360° 8 Wheel Travel Luggage | Hard Case Polypropylene (PP) Suitcase | Mounted TSA Lock | Spa Blue,Okay for occasional use
American Tourister Liftoff+ | Medium Size Check-in Trolley Bag (67 cm) for Travel | 360° 8 Wheel Travel Luggage | Hard Case Polypropylene (PP) Suitcase | Mounted TSA Lock | Spa Blue,"Worth the price, highly recommended"
American Tourister Liftoff+ | Medium Size Check-in Trolley Bag (67 cm) for Travel | 360° 8 Wheel Travel Luggage | Hard Case Polypropylene (PP) Suitcase | Mounted TSA Lock | Spa Blue,Color faded quickly
American Tourister Liftoff+ | Medium Size Check-in Trolley Bag (67 cm) for Travel | 360° 8 Wheel Travel Luggage | Hard Case Polypropylene (PP) Suitcase | Mounted TSA Lock | Spa Blue,"Perfect for travel, loved it"
DELSEY PARIS Tiphanie 76 cms Large Check-in Polycarbonate Hardsided 8 Wheels Spinner Luggage/Suitcase/Trolley Bag for Travel with TSA Lock- Graphite Black,Handle feels weak
DELSEY PARIS Tiphanie 76 cms Large Check-in Polycarbonate Hardsided 8 Wheels Spinner Luggage/Suitcase/Trolley Bag for Travel with TSA Lock- Graphite Black,Not satisfied with the build quality
DELSEY PARIS Tiphanie 76 cms Large Check-in Polycarbonate Hardsided 8 Wheels Spinner Luggage/Suitcase/Trolley Bag for Travel with TSA Lock- Graphite Black,Fine for short trips
DELSEY PARIS Tiphanie 76 cms Large Check-in Polycarbonate Hardsided 8 Wheels Spinner Luggage/Suitcase/Trolley Bag for Travel with TSA Lock- Graphite Black,"Perfect for travel, loved it"
DELSEY PARIS Tiphanie 76 cms Large Check-in Polycarbonate Hardsided 8 Wheels Spinner Luggage/Suitcase/Trolley Bag for Travel with TSA Lock- Graphite Black,"Average product, does the job"
DELSEY PARIS Tiphanie 76 cms Large Check-in Polycarbonate Hardsided 8 Wheels Spinner Luggage/Suitcase/Trolley Bag for Travel with TSA Lock- Graphite Black,Not satisfied with the build quality
"FUR JADEN The Voyager 65cm German Polycarbonate Travel Luggage Check-in ZIPLESS Suitcase with 8 StealthTech Silent Wheels, Double TSA Locks & Aerospace Grade Wide Trolley (Stark Black, Medium 24"")",Fine for short trips
"FUR JADEN The Voyager 65cm German Polycarbonate Travel Luggage Check-in ZIPLESS Suitcase with 8 StealthTech Silent Wheels, Double TSA Locks & Aerospace Grade Wide Trolley (Stark Black, Medium 24"")",Okay for occasional use
"FUR JADEN The Voyager 65cm German Polycarbonate Travel Luggage Check-in ZIPLESS Suitcase with 8 StealthTech Silent Wheels, Double TSA Locks & Aerospace Grade Wide Trolley (Stark Black, Medium 24"")",Wheels broke after few uses
"FUR JADEN The Voyager 65cm German Polycarbonate Travel Luggage Check-in ZIPLESS Suitcase with 8 StealthTech Silent Wheels, Double TSA Locks & Aerospace Grade Wide Trolley (Stark Black, Medium 24"")","Worth the price, highly recommended"
"FUR JADEN The Voyager 65cm German Polycarbonate Travel Luggage Check-in ZIPLESS Suitcase with 8 StealthTech Silent Wheels, Double TSA Locks & Aerospace Grade Wide Trolley (Stark Black, Medium 24"")",Handle feels weak
"FUR JADEN The Voyager 65cm German Polycarbonate Travel Luggage Check-in ZIPLESS Suitcase with 8 StealthTech Silent Wheels, Double TSA Locks & Aerospace Grade Wide Trolley (Stark Black, Medium 24"")",Color faded quickly
Nasher Miles Springfield Hard-Sided Polypropylene Check-in Luggage 28 inch | 75cm | 8 Wheels Large Trolley Bag for Travel | Suitcase (Cool Mint),"Perfect for travel, loved it"
Nasher Miles Springfield Hard-Sided Polypropylene Check-in Luggage 28 inch | 75cm | 8 Wheels Large Trolley Bag for Travel | Suitcase (Cool Mint),Handle feels weak
Nasher Miles Springfield Hard-Sided Polypropylene Check-in Luggage 28 inch | 75cm | 8 Wheels Large Trolley Bag for Travel | Suitcase (Cool Mint),Handle feels weak
Nasher Miles Polypropylene 360 Degree Paris Hard-Sided Check-in Luggage 28 inch | 75cm | 8 Wheels Large Trolley Bag for Travel | Suitcase (Navy Blue),Fine for short trips
Nasher Miles Polypropylene 360 Degree Paris Hard-Sided Check-in Luggage 28 inch | 75cm | 8 Wheels Large Trolley Bag for Travel | Suitcase (Navy Blue),"Worth the price, highly recommended"
Nasher Miles Polypropylene 360 Degree Paris Hard-Sided Check-in Luggage 28 inch | 75cm | 8 Wheels Large Trolley Bag for Travel | Suitcase (Navy Blue),Not satisfied with the build quality
Nasher Miles Polypropylene 360 Degree Paris Hard-Sided Check-in Luggage 28 inch | 75cm | 8 Wheels Large Trolley Bag for Travel | Suitcase (Navy Blue),Okay for occasional use
Nasher Miles Polypropylene 360 Degree Paris Hard-Sided Check-in Luggage 28 inch | 75cm | 8 Wheels Large Trolley Bag for Travel | Suitcase (Dark Green),Color faded quickly
Nasher Miles Polypropylene 360 Degree Paris Hard-Sided Check-in Luggage 28 inch | 75cm | 8 Wheels Large Trolley Bag for Travel | Suitcase (Dark Green),Too expensive for the quality
Nasher Miles Polypropylene 360 Degree Paris Hard-Sided Check-in Luggage 28 inch | 75cm | 8 Wheels Large Trolley Bag for Travel | Suitcase (Dark Green),"Worth the price, highly recommended"
Nasher Miles Polypropylene 360 Degree Paris Hard-Sided Check-in Luggage 28 inch | 75cm | 8 Wheels Large Trolley Bag for Travel | Suitcase (Dark Green),Not satisfied with the build quality
Nasher Miles Polypropylene 360 Degree Paris Hard-Sided Check-in Luggage 28 inch | 75cm | 8 Wheels Large Trolley Bag for Travel | Suitcase (Dark Green),Very spacious and sturdy
Nasher Miles Polypropylene 360 Degree Paris Hard-Sided Check-in Luggage 28 inch | 75cm | 8 Wheels Large Trolley Bag for Travel | Suitcase (Dark Green),Color faded quickly
Nasher Miles Paris Hard-Sided Polypropylene Cabin Luggage 20 inch | 55cm | 8 Wheels Double Spinner Small Trolley Bag for Travel | Suitcase (Navy Blue),Handle feels weak
Nasher Miles Paris Hard-Sided Polypropylene Cabin Luggage 20 inch | 55cm | 8 Wheels Double Spinner Small Trolley Bag for Travel | Suitcase (Navy Blue),Too expensive for the quality
Nasher Miles Paris Hard-Sided Polypropylene Cabin Luggage 20 inch | 55cm | 8 Wheels Double Spinner Small Trolley Bag for Travel | Suitcase (Navy Blue),Excellent quality and very durable
Nasher Miles Berlin Expander Soft-Sided Polyester Cabin Luggage 20 inch | 55cm | 8 Wheels Small Trolley Bag for Travel | Suitcase (Black),Smooth wheels and stylish design
Nasher Miles Berlin Expander Soft-Sided Polyester Cabin Luggage 20 inch | 55cm | 8 Wheels Small Trolley Bag for Travel | Suitcase (Black),Fine for short trips
Nasher Miles Berlin Expander Soft-Sided Polyester Cabin Luggage 20 inch | 55cm | 8 Wheels Small Trolley Bag for Travel | Suitcase (Black),Meets expectations
Nasher Miles Berlin Expander Soft-Sided Polyester Cabin Luggage 20 inch | 55cm | 8 Wheels Small Trolley Bag for Travel | Suitcase (Black),Too expensive for the quality
Nasher Miles Berlin Expander Soft-Sided Polyester Cabin Luggage 20 inch | 55cm | 8 Wheels Small Trolley Bag for Travel | Suitcase (Black),"Worth the price, highly recommended"
"Skybags Streax | Cabin Trolley Bag, 55 Cm, Small Hardside Luggage | 8 Wheels, Combination Lock | Polypropylene | Suitcase for Travel | 5 Year International Warranty | Coral","Average product, does the job"
"Skybags Streax | Cabin Trolley Bag, 55 Cm, Small Hardside Luggage | 8 Wheels, Combination Lock | Polypropylene | Suitcase for Travel | 5 Year International Warranty | Coral",Okay for occasional use
"Skybags Streax | Cabin Trolley Bag, 55 Cm, Small Hardside Luggage | 8 Wheels, Combination Lock | Polypropylene | Suitcase for Travel | 5 Year International Warranty | Coral",Okay for occasional use
"Skybags Streax | Cabin Trolley Bag, 55 Cm, Small Hardside Luggage | 8 Wheels, Combination Lock | Polypropylene | Suitcase for Travel | 5 Year International Warranty | Coral",Very spacious and sturdy
"Skybags Streax | Check-in Trolley Bag, 76 Cm, Large Hardside Luggage | 8 Wheels Spinner, Combination Lock | Polypropylene | Suitcase for Travel | 5 Year International Warranty | Coral",Smooth wheels and stylish design
"Skybags Streax | Check-in Trolley Bag, 76 Cm, Large Hardside Luggage | 8 Wheels Spinner, Combination Lock | Polypropylene | Suitcase for Travel | 5 Year International Warranty | Coral",Too expensive for the quality
"Skybags Streax | Check-in Trolley Bag, 76 Cm, Large Hardside Luggage | 8 Wheels Spinner, Combination Lock | Polypropylene | Suitcase for Travel | 5 Year International Warranty | Coral","Average product, does the job"
"Skybags Streax | Check-in Trolley Bag, 76 Cm, Large Hardside Luggage | 8 Wheels Spinner, Combination Lock | Polypropylene | Suitcase for Travel | 5 Year International Warranty | Black",Handle feels weak
"Skybags Streax | Check-in Trolley Bag, 76 Cm, Large Hardside Luggage | 8 Wheels Spinner, Combination Lock | Polypropylene | Suitcase for Travel | 5 Year International Warranty | Black",Excellent quality and very durable
"Skybags Streax | Check-in Trolley Bag, 76 Cm, Large Hardside Luggage | 8 Wheels Spinner, Combination Lock | Polypropylene | Suitcase for Travel | 5 Year International Warranty | Black",Meets expectations
"Skybags Streax | Check-in Trolley Bag, 76 Cm, Large Hardside Luggage | 8 Wheels Spinner, Combination Lock | Polypropylene | Suitcase for Travel | 5 Year International Warranty | Black",Handle feels weak
"Skybags Streax | Check-in Trolley Bag, 76 Cm, Large Hardside Luggage | 8 Wheels Spinner, Combination Lock | Polypropylene | Suitcase for Travel | 5 Year International Warranty | Black",Handle feels weak
"Safari 8 Wheels, Anti-Theft Zipper (Check-in) Polycarbonate Trolley Spinner Luggage Large (Cooper 76CM Blue)",Okay for occasional use
"Safari 8 Wheels, Anti-Theft Zipper (Check-in) Polycarbonate Trolley Spinner Luggage Large (Cooper 76CM Blue)",Meets expectations
"Safari 8 Wheels, Anti-Theft Zipper (Check-in) Polycarbonate Trolley Spinner Luggage Large (Cooper 76CM Blue)","Average product, does the job"
"Safari Pentagon Pro 8 Wheels 55Cm Cabin Trolley Bag Hard Case Polypropylene, 360º Wheeling Carry On Luggage for Men & Women, Travel Suitcase, Cyan",Smooth wheels and stylish design
"Safari Pentagon Pro 8 Wheels 55Cm Cabin Trolley Bag Hard Case Polypropylene, 360º Wheeling Carry On Luggage for Men & Women, Travel Suitcase, Cyan",Fine for short trips
"Safari Pentagon Pro 8 Wheels 55Cm Cabin Trolley Bag Hard Case Polypropylene, 360º Wheeling Carry On Luggage for Men & Women, Travel Suitcase, Cyan",Nothing special but decent
"Safari Pentagon Pro 8 Wheels 55Cm Cabin Trolley Bag Hard Case Polypropylene, 360º Wheeling Carry On Luggage for Men & Women, Travel Suitcase, Cyan",Smooth wheels and stylish design
"Safari Pentagon Pro 8 Wheels 55Cm Cabin Trolley Bag Hard Case Polypropylene, 360º Wheeling Carry On Luggage for Men & Women, Travel Suitcase, Cyan","Worth the price, highly recommended"
"Safari Genius Alley Set of 3 (Cabin + Medium + Large) Trolley Bags Hard Case Polypropylene, 4 Wheels, 360 Degree Wheeling Luggage, Suitcase for Travel, Trolley Bags for Travel, Flintstone","Worth the price, highly recommended"
"Safari Genius Alley Set of 3 (Cabin + Medium + Large) Trolley Bags Hard Case Polypropylene, 4 Wheels, 360 Degree Wheeling Luggage, Suitcase for Travel, Trolley Bags for Travel, Flintstone","Average product, does the job"
"Safari Genius Alley Set of 3 (Cabin + Medium + Large) Trolley Bags Hard Case Polypropylene, 4 Wheels, 360 Degree Wheeling Luggage, Suitcase for Travel, Trolley Bags for Travel, Flintstone",Not satisfied with the build quality
"Safari Genius Alley Set of 3 (Cabin + Medium + Large) Trolley Bags Hard Case Polypropylene, 4 Wheels, 360 Degree Wheeling Luggage, Suitcase for Travel, Trolley Bags for Travel, Flintstone",Meets expectations
"Safari Genius Alley Set of 3 (Cabin + Medium + Large) Trolley Bags Hard Case Polypropylene, 4 Wheels, 360 Degree Wheeling Luggage, Suitcase for Travel, Trolley Bags for Travel, Flintstone","Worth the price, highly recommended"
"Safari Genius Alley Set of 3 (Cabin + Medium + Large) Trolley Bags Hard Case Polypropylene, 4 Wheels, 360 Degree Wheeling Luggage, Suitcase for Travel, Trolley Bags for Travel, Flintstone",Handle feels weak
"Safari Astra Neo 8 Wheels 56cm Cabin Size Trolley Bag, Hard Case Polycarbonate, 360 Degree Wheeling Carry-on Luggage for Men & Women, Travel Bag, Suitcase for Travel, Trolley Bag for Travel, Champagne",Excellent quality and very durable
"Safari Astra Neo 8 Wheels 56cm Cabin Size Trolley Bag, Hard Case Polycarbonate, 360 Degree Wheeling Carry-on Luggage for Men & Women, Travel Bag, Suitcase for Travel, Trolley Bag for Travel, Champagne",Excellent quality and very durable
"Safari Astra Neo 8 Wheels 56cm Cabin Size Trolley Bag, Hard Case Polycarbonate, 360 Degree Wheeling Carry-on Luggage for Men & Women, Travel Bag, Suitcase for Travel, Trolley Bag for Travel, Champagne",Not satisfied with the build quality
"Safari Astra Neo 8 Wheels 56cm Cabin Size Trolley Bag, Hard Case Polycarbonate, 360 Degree Wheeling Carry-on Luggage for Men & Women, Travel Bag, Suitcase for Travel, Trolley Bag for Travel, Champagne","Worth the price, highly recommended"
"Safari Astra Neo 8 Wheels 56cm Cabin Size Trolley Bag, Hard Case Polycarbonate, 360 Degree Wheeling Carry-on Luggage for Men & Women, Travel Bag, Suitcase for Travel, Trolley Bag for Travel, Champagne","Worth the price, highly recommended"
"Safari Genius Alley 55cm Cabin Trolley Bag Hard Case Polypropylene, 4 Spinner Wheels, 360 Degree Wheeling Carry on Luggage, Travel Bag, Suitcase, Trolley Bags, Deep Forrest","Perfect for travel, loved it"
"Safari Genius Alley 55cm Cabin Trolley Bag Hard Case Polypropylene, 4 Spinner Wheels, 360 Degree Wheeling Carry on Luggage, Travel Bag, Suitcase, Trolley Bags, Deep Forrest",Nothing special but decent
"Safari Genius Alley 55cm Cabin Trolley Bag Hard Case Polypropylene, 4 Spinner Wheels, 360 Degree Wheeling Carry on Luggage, Travel Bag, Suitcase, Trolley Bags, Deep Forrest",Fine for short trips
"Safari Genius Alley 55cm Cabin Trolley Bag Hard Case Polypropylene, 4 Spinner Wheels, 360 Degree Wheeling Carry on Luggage, Travel Bag, Suitcase, Trolley Bags, Deep Forrest",Very spacious and sturdy
"Safari Medium Thorium Neo 8 Wheels 66 Cm Check-in Trolley Bag Hard Case Polycarbonate 360 Degree Wheeling System Luggage, Trolley Bags for Travel, Suitcase for Travel, Graphite Blue",Wheels broke after few uses
"Safari Medium Thorium Neo 8 Wheels 66 Cm Check-in Trolley Bag Hard Case Polycarbonate 360 Degree Wheeling System Luggage, Trolley Bags for Travel, Suitcase for Travel, Graphite Blue",Meets expectations
"Safari Medium Thorium Neo 8 Wheels 66 Cm Check-in Trolley Bag Hard Case Polycarbonate 360 Degree Wheeling System Luggage, Trolley Bags for Travel, Suitcase for Travel, Graphite Blue",Very spacious and sturdy
"Safari Medium Thorium Neo 8 Wheels 66 Cm Check-in Trolley Bag Hard Case Polycarbonate 360 Degree Wheeling System Luggage, Trolley Bags for Travel, Suitcase for Travel, Graphite Blue","Perfect for travel, loved it"
"Safari Medium Thorium Neo 8 Wheels 66 Cm Check-in Trolley Bag Hard Case Polycarbonate 360 Degree Wheeling System Luggage, Trolley Bags for Travel, Suitcase for Travel, Graphite Blue",Not satisfied with the build quality
"Safari Medium Thorium Neo 8 Wheels 66 Cm Check-in Trolley Bag Hard Case Polycarbonate 360 Degree Wheeling System Luggage, Trolley Bags for Travel, Suitcase for Travel, Graphite Blue",Meets expectations
"Safari Medium Thorium Neo 8 Wheels 55,66 and 77 Cm Small, and Large 4 Wheel Inline 3 Trolley Bags Polycarbonate 360 Degree Wheeling System Luggage,4 Wheel Inline Trolley Bags,Graphite Blue",Excellent quality and very durable
"Safari Medium Thorium Neo 8 Wheels 55,66 and 77 Cm Small, and Large 4 Wheel Inline 3 Trolley Bags Polycarbonate 360 Degree Wheeling System Luggage,4 Wheel Inline Trolley Bags,Graphite Blue","Worth the price, highly recommended"
"Safari Medium Thorium Neo 8 Wheels 55,66 and 77 Cm Small, and Large 4 Wheel Inline 3 Trolley Bags Polycarbonate 360 Degree Wheeling System Luggage,4 Wheel Inline Trolley Bags,Graphite Blue","Perfect for travel, loved it"
"Safari Medium Thorium Neo 8 Wheels 55,66 and 77 Cm Small, and Large 4 Wheel Inline 3 Trolley Bags Polycarbonate 360 Degree Wheeling System Luggage,4 Wheel Inline Trolley Bags,Graphite Blue","Worth the price, highly recommended"
"Safari Medium Thorium Neo 8 Wheels 55,66 and 77 Cm Small, and Large 4 Wheel Inline 3 Trolley Bags Polycarbonate 360 Degree Wheeling System Luggage,4 Wheel Inline Trolley Bags,Graphite Blue",Handle feels weak
"Safari Pentagon Pro 8 Wheels 55cm Cabin Size Trolley Bag, Hard Case Polypropylene, 360º Wheeling Small Carry-on Luggage, Suitcase for Travel, Trolley Bags for Travel, Luxury Beige",Wheels broke after few uses
"Safari Pentagon Pro 8 Wheels 55cm Cabin Size Trolley Bag, Hard Case Polypropylene, 360º Wheeling Small Carry-on Luggage, Suitcase for Travel, Trolley Bags for Travel, Luxury Beige",Wheels broke after few uses
"Safari Pentagon Pro 8 Wheels 55cm Cabin Size Trolley Bag, Hard Case Polypropylene, 360º Wheeling Small Carry-on Luggage, Suitcase for Travel, Trolley Bags for Travel, Luxury Beige",Very spacious and sturdy
uppercase JFK (Large) 76Cm|Hardshellsided Check-in Inline Trolley Bag for Travel|Eco Polycarbonate Printed Luggage|Combination Lock|8 Wheel Inline Trolley Bag||(Denim Blue),Smooth wheels and stylish design
uppercase JFK (Large) 76Cm|Hardshellsided Check-in Inline Trolley Bag for Travel|Eco Polycarbonate Printed Luggage|Combination Lock|8 Wheel Inline Trolley Bag||(Denim Blue),Excellent quality and very durable
uppercase JFK (Large) 76Cm|Hardshellsided Check-in Inline Trolley Bag for Travel|Eco Polycarbonate Printed Luggage|Combination Lock|8 Wheel Inline Trolley Bag||(Denim Blue),Not satisfied with the build quality
uppercase JFK (Large) 76Cm|Hardshellsided Check-in Inline Trolley Bag for Travel|Eco Polycarbonate Printed Luggage|Combination Lock|8 Wheel Inline Trolley Bag||(Denim Blue),Excellent quality and very durable
uppercase JFK (Large) 76Cm|Hardshellsided Check-in Inline Trolley Bag for Travel|Eco Polycarbonate Printed Luggage|Combination Lock|8 Wheel Inline Trolley Bag||(Denim Blue),Fine for short trips
"Skybags Streax | Cabin Trolley Bag, 55 Cm, Small Hardside Luggage | 8 Wheels, Combination Lock | Polypropylene | Suitcase for Travel | 5 Year International Warranty | Coral",Too expensive for the quality
"Skybags Streax | Cabin Trolley Bag, 55 Cm, Small Hardside Luggage | 8 Wheels, Combination Lock | Polypropylene | Suitcase for Travel | 5 Year International Warranty | Coral",Wheels broke after few uses
"Skybags Streax | Cabin Trolley Bag, 55 Cm, Small Hardside Luggage | 8 Wheels, Combination Lock | Polypropylene | Suitcase for Travel | 5 Year International Warranty | Coral",Very spacious and sturdy
"Skybags Streax | Cabin Trolley Bag, 55 Cm, Small Hardside Luggage | 8 Wheels, Combination Lock | Polypropylene | Suitcase for Travel | 5 Year International Warranty | Coral",Not satisfied with the build quality
"Skybags Streax | Cabin Trolley Bag, 55 Cm, Small Hardside Luggage | 8 Wheels, Combination Lock | Polypropylene | Suitcase for Travel | 5 Year International Warranty | Coral","Average product, does the job"
"Skybags Streax | Cabin Trolley Bag, 55 Cm, Small Hardside Luggage | 8 Wheels, Combination Lock | Polypropylene | Suitcase for Travel | 5 Year International Warranty | Coral","Worth the price, highly recommended"
"Skybags Streax | Check-in Trolley Bag, 76 Cm, Large Hardside Luggage | 8 Wheels Spinner, Combination Lock | Polypropylene | Suitcase for Travel | 5 Year International Warranty | Coral",Meets expectations
"Skybags Streax | Check-in Trolley Bag, 76 Cm, Large Hardside Luggage | 8 Wheels Spinner, Combination Lock | Polypropylene | Suitcase for Travel | 5 Year International Warranty | Coral","Average product, does the job"
"Skybags Streax | Check-in Trolley Bag, 76 Cm, Large Hardside Luggage | 8 Wheels Spinner, Combination Lock | Polypropylene | Suitcase for Travel | 5 Year International Warranty | Coral",Color faded quickly
"Skybags Streax | Check-in Trolley Bag, 76 Cm, Large Hardside Luggage | 8 Wheels Spinner, Combination Lock | Polypropylene | Suitcase for Travel | 5 Year International Warranty | Coral",Very spacious and sturdy
"Skybags Streax | Check-in Trolley Bag, 76 Cm, Large Hardside Luggage | 8 Wheels Spinner, Combination Lock | Polypropylene | Suitcase for Travel | 5 Year International Warranty | Coral",Too expensive for the quality
"Skybags Streax | Check-in Trolley Bag, 76 Cm, Large Hardside Luggage | 8 Wheels Spinner, Combination Lock | Polypropylene | Suitcase for Travel | 5 Year International Warranty | Coral",Color faded quickly
"Skybags Streax | Check-in Trolley Bag, 76 Cm, Large Hardside Luggage | 8 Wheels Spinner, Combination Lock | Polypropylene | Suitcase for Travel | 5 Year International Warranty | Black",Fine for short trips
"Skybags Streax | Check-in Trolley Bag, 76 Cm, Large Hardside Luggage | 8 Wheels Spinner, Combination Lock | Polypropylene | Suitcase for Travel | 5 Year International Warranty | Black",Okay for occasional use
"Skybags Streax | Check-in Trolley Bag, 76 Cm, Large Hardside Luggage | 8 Wheels Spinner, Combination Lock | Polypropylene | Suitcase for Travel | 5 Year International Warranty | Black",Okay for occasional use
"Skybags Streax | Check-in Trolley Bag, 76 Cm, Large Hardside Luggage | 8 Wheels Spinner, Combination Lock | Polypropylene | Suitcase for Travel | 5 Year International Warranty | Black",Wheels broke after few uses
"Skybags Streax | Check-in Trolley Bag, 76 Cm, Large Hardside Luggage | 8 Wheels Spinner, Combination Lock | Polypropylene | Suitcase for Travel | 5 Year International Warranty | Black",Too expensive for the quality
American Tourister Liftoff+ | Large Size Check-in Trolley Bag (79 cm) for Travel | 360° 8 Wheel Travel Luggage | Hard Case Polypropylene (PP) Suitcase | Mounted TSA Lock | Seafoam Blue,"Average product, does the job"
American Tourister Liftoff+ | Large Size Check-in Trolley Bag (79 cm) for Travel | 360° 8 Wheel Travel Luggage | Hard Case Polypropylene (PP) Suitcase | Mounted TSA Lock | Seafoam Blue,Nothing special but decent
American Tourister Liftoff+ | Large Size Check-in Trolley Bag (79 cm) for Travel | 360° 8 Wheel Travel Luggage | Hard Case Polypropylene (PP) Suitcase | Mounted TSA Lock | Seafoam Blue,Wheels broke after few uses
American Tourister Liftoff+ | Large Size Check-in Trolley Bag (79 cm) for Travel | 360° 8 Wheel Travel Luggage | Hard Case Polypropylene (PP) Suitcase | Mounted TSA Lock | Seafoam Blue,"Perfect for travel, loved it"
"Skybags Streax | Check-in Trolley Bag, 66 Cm, Medium Hardside Luggage | 8 Wheels, Combination Lock | Polypropylene | Suitcase for Travel | 5 Year International Warranty | Black| Spinner Wheel",Excellent quality and very durable
"Skybags Streax | Check-in Trolley Bag, 66 Cm, Medium Hardside Luggage | 8 Wheels, Combination Lock | Polypropylene | Suitcase for Travel | 5 Year International Warranty | Black| Spinner Wheel",Not satisfied with the build quality
"Skybags Streax | Check-in Trolley Bag, 66 Cm, Medium Hardside Luggage | 8 Wheels, Combination Lock | Polypropylene | Suitcase for Travel | 5 Year International Warranty | Black| Spinner Wheel",Meets expectations
"Skybags Streax | Check-in Trolley Bag, 66 Cm, Medium Hardside Luggage | 8 Wheels, Combination Lock | Polypropylene | Suitcase for Travel | 5 Year International Warranty | Black| Spinner Wheel",Okay for occasional use
Aristocrat Atlas Cabin Trolley Bag 55cm | Small | Hard Luggage | Smooth 8-Wheel Suitcase | Secure Combination Lock with Sturdy Zipper | Full Fabric Convipack | 3-Year Warranty (Pearl White),Wheels broke after few uses
Aristocrat Atlas Cabin Trolley Bag 55cm | Small | Hard Luggage | Smooth 8-Wheel Suitcase | Secure Combination Lock with Sturdy Zipper | Full Fabric Convipack | 3-Year Warranty (Pearl White),Smooth wheels and stylish design
Aristocrat Atlas Cabin Trolley Bag 55cm | Small | Hard Luggage | Smooth 8-Wheel Suitcase | Secure Combination Lock with Sturdy Zipper | Full Fabric Convipack | 3-Year Warranty (Pearl White),Wheels broke after few uses
"FUR JADEN The Voyager 65cm German Polycarbonate Travel Luggage Check-in ZIPLESS Suitcase with 8 StealthTech Silent Wheels, Double TSA Locks & Aerospace Grade Wide Trolley (Stark Black, Medium 24"")",Okay for occasional use
"FUR JADEN The Voyager 65cm German Polycarbonate Travel Luggage Check-in ZIPLESS Suitcase with 8 StealthTech Silent Wheels, Double TSA Locks & Aerospace Grade Wide Trolley (Stark Black, Medium 24"")",Too expensive for the quality
"FUR JADEN The Voyager 65cm German Polycarbonate Travel Luggage Check-in ZIPLESS Suitcase with 8 StealthTech Silent Wheels, Double TSA Locks & Aerospace Grade Wide Trolley (Stark Black, Medium 24"")",Smooth wheels and stylish design
"FUR JADEN The Voyager 65cm German Polycarbonate Travel Luggage Check-in ZIPLESS Suitcase with 8 StealthTech Silent Wheels, Double TSA Locks & Aerospace Grade Wide Trolley (Stark Black, Medium 24"")",Color faded quickly
Skybags Rubik Polyester 78 Cms Softsided Large check-in luggage,Handle feels weak
Skybags Rubik Polyester 78 Cms Softsided Large check-in luggage,Nothing special but decent
Skybags Rubik Polyester 78 Cms Softsided Large check-in luggage,"Worth the price, highly recommended"
"Skybags Cabin Stroke Abs Hardshell Luggage (55 Cm) | Printed Luggage 4 Wheel Inline Trolley Bag with 8 Wheels and in-Built Combination Lock | Unisex, Blue and White, Small",Fine for short trips
"Skybags Cabin Stroke Abs Hardshell Luggage (55 Cm) | Printed Luggage 4 Wheel Inline Trolley Bag with 8 Wheels and in-Built Combination Lock | Unisex, Blue and White, Small",Not satisfied with the build quality
"Skybags Cabin Stroke Abs Hardshell Luggage (55 Cm) | Printed Luggage 4 Wheel Inline Trolley Bag with 8 Wheels and in-Built Combination Lock | Unisex, Blue and White, Small",Okay for occasional use
Skybags Cabin Paratrip Hard Luggage (55 cm) | Polypropylene Luggage Trolley with 8 Spinner Wheels| Purple Oppulence | Unisex,Nothing special but decent
Skybags Cabin Paratrip Hard Luggage (55 cm) | Polypropylene Luggage Trolley with 8 Spinner Wheels| Purple Oppulence | Unisex,Excellent quality and very durable
Skybags Cabin Paratrip Hard Luggage (55 cm) | Polypropylene Luggage Trolley with 8 Spinner Wheels| Purple Oppulence | Unisex,Nothing special but decent
Skybags Cabin Paratrip Hard Luggage (55 cm) | Polypropylene Luggage Trolley with 8 Spinner Wheels| Purple Oppulence | Unisex,Too expensive for the quality
Skybags Cabin Paratrip Hard Luggage (55 cm) | Polypropylene Luggage Trolley with 8 Spinner Wheels| Purple Oppulence | Unisex,Color faded quickly
"Safari Pentagon Pro 8 Wheels 55cm Cabin Size Trolley Bag, Hard Case Polypropylene, 360º Wheeling Small Carry-on Luggage, Suitcase for Travel, Trolley Bags for Travel, Luxury Beige",Too expensive for the quality
"Safari Pentagon Pro 8 Wheels 55cm Cabin Size Trolley Bag, Hard Case Polypropylene, 360º Wheeling Small Carry-on Luggage, Suitcase for Travel, Trolley Bags for Travel, Luxury Beige","Average product, does the job"
"Safari Pentagon Pro 8 Wheels 55cm Cabin Size Trolley Bag, Hard Case Polypropylene, 360º Wheeling Small Carry-on Luggage, Suitcase for Travel, Trolley Bags for Travel, Luxury Beige",Meets expectations
"Safari Pentagon Pro 8 Wheels 55cm Cabin Size Trolley Bag, Hard Case Polypropylene, 360º Wheeling Small Carry-on Luggage, Suitcase for Travel, Trolley Bags for Travel, Luxury Beige",Color faded quickly
uppercase Polycarbonate JFK (Large) 76cm | Hardsided Check-in Trolley Bag for Travel Spinner Luggage | 8 Wheel Trolley Bag |Suitcase for Unisex |2000 Days Warranty (Teal Blue),Excellent quality and very durable
uppercase Polycarbonate JFK (Large) 76cm | Hardsided Check-in Trolley Bag for Travel Spinner Luggage | 8 Wheel Trolley Bag |Suitcase for Unisex |2000 Days Warranty (Teal Blue),"Perfect for travel, loved it"
uppercase Polycarbonate JFK (Large) 76cm | Hardsided Check-in Trolley Bag for Travel Spinner Luggage | 8 Wheel Trolley Bag |Suitcase for Unisex |2000 Days Warranty (Teal Blue),Wheels broke after few uses
"Skybags Streax | Cabin Trolley Bag, 55 Cm, Small Hardside Luggage | 8 Wheels, Combination Lock | Polypropylene | Suitcase for Travel | 5 Year International Warranty | Coral",Meets expectations
"Skybags Streax | Cabin Trolley Bag, 55 Cm, Small Hardside Luggage | 8 Wheels, Combination Lock | Polypropylene | Suitcase for Travel | 5 Year International Warranty | Coral",Okay for occasional use
"Skybags Streax | Cabin Trolley Bag, 55 Cm, Small Hardside Luggage | 8 Wheels, Combination Lock | Polypropylene | Suitcase for Travel | 5 Year International Warranty | Coral",Nothing special but decent
"Skybags Streax | Cabin Trolley Bag, 55 Cm, Small Hardside Luggage | 8 Wheels, Combination Lock | Polypropylene | Suitcase for Travel | 5 Year International Warranty | Coral",Not satisfied with the build quality
"Skybags Streax | Cabin Trolley Bag, 55 Cm, Small Hardside Luggage | 8 Wheels, Combination Lock | Polypropylene | Suitcase for Travel | 5 Year International Warranty | Coral",Excellent quality and very durable
"Skybags Streax | Cabin Trolley Bag, 55 Cm, Small Hardside Luggage | 8 Wheels, Combination Lock | Polypropylene | Suitcase for Travel | 5 Year International Warranty | Coral","Average product, does the job"
"Skybags Streax | Check-in Trolley Bag, 76 Cm, Large Hardside Luggage | 8 Wheels Spinner, Combination Lock | Polypropylene | Suitcase for Travel | 5 Year International Warranty | Coral",Color faded quickly
"Skybags Streax | Check-in Trolley Bag, 76 Cm, Large Hardside Luggage | 8 Wheels Spinner, Combination Lock | Polypropylene | Suitcase for Travel | 5 Year International Warranty | Coral",Okay for occasional use
"Skybags Streax | Check-in Trolley Bag, 76 Cm, Large Hardside Luggage | 8 Wheels Spinner, Combination Lock | Polypropylene | Suitcase for Travel | 5 Year International Warranty | Coral",Smooth wheels and stylish design
"Skybags Streax | Check-in Trolley Bag, 76 Cm, Large Hardside Luggage | 8 Wheels Spinner, Combination Lock | Polypropylene | Suitcase for Travel | 5 Year International Warranty | Coral","Average product, does the job"
"Skybags Streax | Check-in Trolley Bag, 76 Cm, Large Hardside Luggage | 8 Wheels Spinner, Combination Lock | Polypropylene | Suitcase for Travel | 5 Year International Warranty | Black","Perfect for travel, loved it"
"Skybags Streax | Check-in Trolley Bag, 76 Cm, Large Hardside Luggage | 8 Wheels Spinner, Combination Lock | Polypropylene | Suitcase for Travel | 5 Year International Warranty | Black",Not satisfied with the build quality
"Skybags Streax | Check-in Trolley Bag, 76 Cm, Large Hardside Luggage | 8 Wheels Spinner, Combination Lock | Polypropylene | Suitcase for Travel | 5 Year International Warranty | Black",Nothing special but decent
American Tourister Liftoff+ | Large Size Check-in Trolley Bag (79 cm) for Travel | 360° 8 Wheel Travel Luggage | Hard Case Polypropylene (PP) Suitcase | Mounted TSA Lock | Seafoam Blue,Fine for short trips
American Tourister Liftoff+ | Large Size Check-in Trolley Bag (79 cm) for Travel | 360° 8 Wheel Travel Luggage | Hard Case Polypropylene (PP) Suitcase | Mounted TSA Lock | Seafoam Blue,Too expensive for the quality
American Tourister Liftoff+ | Large Size Check-in Trolley Bag (79 cm) for Travel | 360° 8 Wheel Travel Luggage | Hard Case Polypropylene (PP) Suitcase | Mounted TSA Lock | Seafoam Blue,Wheels broke after few uses
American Tourister Liftoff+ | Large Size Check-in Trolley Bag (79 cm) for Travel | 360° 8 Wheel Travel Luggage | Hard Case Polypropylene (PP) Suitcase | Mounted TSA Lock | Seafoam Blue,Nothing special but decent
American Tourister Liftoff+ | Large Size Check-in Trolley Bag (79 cm) for Travel | 360° 8 Wheel Travel Luggage | Hard Case Polypropylene (PP) Suitcase | Mounted TSA Lock | Seafoam Blue,Color faded quickly
American Tourister Liftoff+ | Large Size Check-in Trolley Bag (79 cm) for Travel | 360° 8 Wheel Travel Luggage | Hard Case Polypropylene (PP) Suitcase | Mounted TSA Lock | Seafoam Blue,Handle feels weak
"FUR JADEN The Voyager 65cm German Polycarbonate Travel Luggage Check-in ZIPLESS Suitcase with 8 StealthTech Silent Wheels, Double TSA Locks & Aerospace Grade Wide Trolley (Stark Black, Medium 24"")",Okay for occasional use
"FUR JADEN The Voyager 65cm German Polycarbonate Travel Luggage Check-in ZIPLESS Suitcase with 8 StealthTech Silent Wheels, Double TSA Locks & Aerospace Grade Wide Trolley (Stark Black, Medium 24"")",Very spacious and sturdy
"FUR JADEN The Voyager 65cm German Polycarbonate Travel Luggage Check-in ZIPLESS Suitcase with 8 StealthTech Silent Wheels, Double TSA Locks & Aerospace Grade Wide Trolley (Stark Black, Medium 24"")",Nothing special but decent
"FUR JADEN The Voyager 65cm German Polycarbonate Travel Luggage Check-in ZIPLESS Suitcase with 8 StealthTech Silent Wheels, Double TSA Locks & Aerospace Grade Wide Trolley (Stark Black, Medium 24"")",Fine for short trips
"FUR JADEN The Voyager 65cm German Polycarbonate Travel Luggage Check-in ZIPLESS Suitcase with 8 StealthTech Silent Wheels, Double TSA Locks & Aerospace Grade Wide Trolley (Stark Black, Medium 24"")",Color faded quickly
"VIP Widget Durable Polyester Soft Sided Check-in Luggage Spinner Wheels with Quick Access Front Pockets (Medium, 69cm, Blue)",Handle feels weak
"VIP Widget Durable Polyester Soft Sided Check-in Luggage Spinner Wheels with Quick Access Front Pockets (Medium, 69cm, Blue)",Okay for occasional use
"VIP Widget Durable Polyester Soft Sided Check-in Luggage Spinner Wheels with Quick Access Front Pockets (Medium, 69cm, Blue)",Smooth wheels and stylish design
"VIP Widget Durable Polyester Soft Sided Check-in Luggage Spinner Wheels with Quick Access Front Pockets (Medium, 69cm, Blue)",Color faded quickly
"VIP Widget Durable Polyester Soft Sided Check-in Luggage Spinner Wheels with Quick Access Front Pockets (Medium, 69cm, Blue)","Perfect for travel, loved it"
VIP Lexus Check-in Trolley Bag 76cm | Large | Hard Luggage | Smooth 8-Wheel Suitcase | Flushed TSA Lock with Anti-Theft Zipper | Robust Polypropylene Shell | 5 Years International Warranty (Mustard),Smooth wheels and stylish design
VIP Lexus Check-in Trolley Bag 76cm | Large | Hard Luggage | Smooth 8-Wheel Suitcase | Flushed TSA Lock with Anti-Theft Zipper | Robust Polypropylene Shell | 5 Years International Warranty (Mustard),Wheels broke after few uses
VIP Lexus Check-in Trolley Bag 76cm | Large | Hard Luggage | Smooth 8-Wheel Suitcase | Flushed TSA Lock with Anti-Theft Zipper | Robust Polypropylene Shell | 5 Years International Warranty (Mustard),Okay for occasional use
VIP Lexus Check-in Trolley Bag 76cm | Large | Hard Luggage | Smooth 8-Wheel Suitcase | Flushed TSA Lock with Anti-Theft Zipper | Robust Polypropylene Shell | 5 Years International Warranty (Mustard),Okay for occasional use
VIP Lexus Check-in Trolley Bag 76cm | Large | Hard Luggage | Smooth 8-Wheel Suitcase | Flushed TSA Lock with Anti-Theft Zipper | Robust Polypropylene Shell | 5 Years International Warranty (Mustard),Not satisfied with the build quality
VIP Lexus Check-in Trolley Bag 76cm | Large | Hard Luggage | Smooth 8-Wheel Suitcase | Flushed TSA Lock with Anti-Theft Zipper | Robust Polypropylene Shell | 5 Years International Warranty (Mustard),Okay for occasional use
"VIP Unicorn Nxt 8W Str 80 Cm | Check-in Polyester Soft Sided 8 Wheels Spinner Trolleys (Blue, Large)",Fine for short trips
"VIP Unicorn Nxt 8W Str 80 Cm | Check-in Polyester Soft Sided 8 Wheels Spinner Trolleys (Blue, Large)",Not satisfied with the build quality
"VIP Unicorn Nxt 8W Str 80 Cm | Check-in Polyester Soft Sided 8 Wheels Spinner Trolleys (Blue, Large)",Wheels broke after few uses
"VIP Unicorn Nxt 8W Str 80 Cm | Check-in Polyester Soft Sided 8 Wheels Spinner Trolleys (Blue, Large)","Perfect for travel, loved it"
"VIP Unicorn Nxt 8W Str 80 Cm | Check-in Polyester Soft Sided 8 Wheels Spinner Trolleys (Blue, Large)",Color faded quickly
"VIP Unicorn Nxt 8W Str 80 Cm | Check-in Polyester Soft Sided 8 Wheels Spinner Trolleys (Blue, Large)",Wheels broke after few uses
"Skybags Cabin Stroke Abs Hardshell Luggage (55 Cm) | Printed Luggage 4 Wheel Inline Trolley Bag with 8 Wheels and in-Built Combination Lock | Unisex, Blue and White, Small",Color faded quickly
"Skybags Cabin Stroke Abs Hardshell Luggage (55 Cm) | Printed Luggage 4 Wheel Inline Trolley Bag with 8 Wheels and in-Built Combination Lock | Unisex, Blue and White, Small",Smooth wheels and stylish design
"Skybags Cabin Stroke Abs Hardshell Luggage (55 Cm) | Printed Luggage 4 Wheel Inline Trolley Bag with 8 Wheels and in-Built Combination Lock | Unisex, Blue and White, Small",Nothing special but decent
Aristocrat Polycarbonate Spinner Comet Cabin Trolley Bag 56cm|Small|Hard Luggage| Smooth 8-Wheel Suitcase|Combination Lock with Sturdy Zipper|Full Fabric Convipack|3-Year International Warranty (Blue),Wheels broke after few uses
Aristocrat Polycarbonate Spinner Comet Cabin Trolley Bag 56cm|Small|Hard Luggage| Smooth 8-Wheel Suitcase|Combination Lock with Sturdy Zipper|Full Fabric Convipack|3-Year International Warranty (Blue),Meets expectations
Aristocrat Polycarbonate Spinner Comet Cabin Trolley Bag 56cm|Small|Hard Luggage| Smooth 8-Wheel Suitcase|Combination Lock with Sturdy Zipper|Full Fabric Convipack|3-Year International Warranty (Blue),"Worth the price, highly recommended"
Aristocrat Polycarbonate Spinner Comet Cabin Trolley Bag 56cm|Small|Hard Luggage| Smooth 8-Wheel Suitcase|Combination Lock with Sturdy Zipper|Full Fabric Convipack|3-Year International Warranty (Blue),Color faded quickly
Aristocrat Polycarbonate Spinner Comet Cabin Trolley Bag 56cm|Small|Hard Luggage| Smooth 8-Wheel Suitcase|Combination Lock with Sturdy Zipper|Full Fabric Convipack|3-Year International Warranty (Blue),Okay for occasional use
Aristocrat Polycarbonate Spinner Comet Cabin Trolley Bag 56cm|Small|Hard Luggage| Smooth 8-Wheel Suitcase|Combination Lock with Sturdy Zipper|Full Fabric Convipack|3-Year International Warranty (Blue),Excellent quality and very durable
American Tourister Liftoff+ | Medium Size Check-in Trolley Bag (67 cm) for Travel | 360° 8 Wheel Travel Luggage | Hard Case Polypropylene (PP) Suitcase | Mounted TSA Lock | Spa Blue,Not satisfied with the build quality
American Tourister Liftoff+ | Medium Size Check-in Trolley Bag (67 cm) for Travel | 360° 8 Wheel Travel Luggage | Hard Case Polypropylene (PP) Suitcase | Mounted TSA Lock | Spa Blue,Smooth wheels and stylish design
American Tourister Liftoff+ | Medium Size Check-in Trolley Bag (67 cm) for Travel | 360° 8 Wheel Travel Luggage | Hard Case Polypropylene (PP) Suitcase | Mounted TSA Lock | Spa Blue,Nothing special but decent
American Tourister Liftoff+ | Medium Size Check-in Trolley Bag (67 cm) for Travel | 360° 8 Wheel Travel Luggage | Hard Case Polypropylene (PP) Suitcase | Mounted TSA Lock | Spa Blue,Okay for occasional use
American Tourister Liftoff+ | Medium Size Check-in Trolley Bag (67 cm) for Travel | 360° 8 Wheel Travel Luggage | Hard Case Polypropylene (PP) Suitcase | Mounted TSA Lock | Spa Blue,Fine for short trips
DELSEY PARIS Belmont Plus 55 cms Small Cabin Polypropylene Hard-Sided 8 Wheels Spinner and Expandable Luggage/Suitcase/Trolley Bag for Travel with ®SECURI TECH Zip- Black,Excellent quality and very durable
DELSEY PARIS Belmont Plus 55 cms Small Cabin Polypropylene Hard-Sided 8 Wheels Spinner and Expandable Luggage/Suitcase/Trolley Bag for Travel with ®SECURI TECH Zip- Black,"Average product, does the job"
DELSEY PARIS Belmont Plus 55 cms Small Cabin Polypropylene Hard-Sided 8 Wheels Spinner and Expandable Luggage/Suitcase/Trolley Bag for Travel with ®SECURI TECH Zip- Black,Very spacious and sturdy
DELSEY PARIS Belmont Plus 55 cms Small Cabin Polypropylene Hard-Sided 8 Wheels Spinner and Expandable Luggage/Suitcase/Trolley Bag for Travel with ®SECURI TECH Zip- Black,Very spacious and sturdy
